pID,trialNum,graph,walk,respR,respL,path
11,1,lattice,9,"['l', 'semicolon']","['f', 'space']",img/target_15.png
11,2,lattice,0,"['k', 'l']","['d', 'f']",img/target_13.png
11,3,lattice,9,"['l', 'semicolon']","['f', 'space']",img/target_15.png
11,4,lattice,7,"['space', 'j']","['a', 's']",img/target_6.png
11,5,lattice,8,"['space', 'semicolon']","['a', 'space']",img/target_9.png
11,6,lattice,9,"['l', 'semicolon']","['f', 'space']",img/target_15.png
11,7,lattice,7,"['space', 'j']","['a', 's']",img/target_6.png
11,8,lattice,9,"['l', 'semicolon']","['f', 'space']",img/target_15.png
11,9,lattice,8,"['space', 'semicolon']","['a', 'space']",img/target_9.png
11,10,lattice,7,"['space', 'j']","['a', 's']",img/target_6.png
11,11,lattice,6,"['j', 'k']","['s', 'd']",img/target_10.png
11,12,lattice,4,"['space', 'k']","['a', 'd']",img/target_7.png
11,13,lattice,2,"['j', 'l']","['s', 'f']",img/target_11.png
11,14,lattice,3,"['j', 'semicolon']","['s', 'space']",img/target_12.png
11,15,lattice,4,"['space', 'k']","['a', 'd']",img/target_7.png
11,16,lattice,3,"['j', 'semicolon']","['s', 'space']",img/target_12.png
11,17,lattice,4,"['space', 'k']","['a', 'd']",img/target_7.png
11,18,lattice,5,"['k', 'semicolon']","['d', 'space']",img/target_14.png
11,19,lattice,3,"['j', 'semicolon']","['s', 'space']",img/target_12.png
11,20,lattice,2,"['j', 'l']","['s', 'f']",img/target_11.png
11,21,lattice,4,"['space', 'k']","['a', 'd']",img/target_7.png
11,22,lattice,5,"['k', 'semicolon']","['d', 'space']",img/target_14.png
11,23,lattice,3,"['j', 'semicolon']","['s', 'space']",img/target_12.png
11,24,lattice,1,"['space', 'l']","['a', 'f']",img/target_8.png
11,25,lattice,3,"['j', 'semicolon']","['s', 'space']",img/target_12.png
11,26,lattice,1,"['space', 'l']","['a', 'f']",img/target_8.png
11,27,lattice,3,"['j', 'semicolon']","['s', 'space']",img/target_12.png
11,28,lattice,2,"['j', 'l']","['s', 'f']",img/target_11.png
11,29,lattice,4,"['space', 'k']","['a', 'd']",img/target_7.png
11,30,lattice,5,"['k', 'semicolon']","['d', 'space']",img/target_14.png
11,31,lattice,6,"['j', 'k']","['s', 'd']",img/target_10.png
11,32,lattice,5,"['k', 'semicolon']","['d', 'space']",img/target_14.png
11,33,lattice,6,"['j', 'k']","['s', 'd']",img/target_10.png
11,34,lattice,5,"['k', 'semicolon']","['d', 'space']",img/target_14.png
11,35,lattice,6,"['j', 'k']","['s', 'd']",img/target_10.png
11,36,lattice,8,"['space', 'semicolon']","['a', 'space']",img/target_9.png
11,37,lattice,7,"['space', 'j']","['a', 's']",img/target_6.png
11,38,lattice,6,"['j', 'k']","['s', 'd']",img/target_10.png
11,39,lattice,5,"['k', 'semicolon']","['d', 'space']",img/target_14.png
11,40,lattice,7,"['space', 'j']","['a', 's']",img/target_6.png
11,41,lattice,5,"['k', 'semicolon']","['d', 'space']",img/target_14.png
11,42,lattice,3,"['j', 'semicolon']","['s', 'space']",img/target_12.png
11,43,lattice,2,"['j', 'l']","['s', 'f']",img/target_11.png
11,44,lattice,1,"['space', 'l']","['a', 'f']",img/target_8.png
11,45,lattice,0,"['k', 'l']","['d', 'f']",img/target_13.png
11,46,lattice,8,"['space', 'semicolon']","['a', 'space']",img/target_9.png
11,47,lattice,7,"['space', 'j']","['a', 's']",img/target_6.png
11,48,lattice,9,"['l', 'semicolon']","['f', 'space']",img/target_15.png
11,49,lattice,0,"['k', 'l']","['d', 'f']",img/target_13.png
11,50,lattice,1,"['space', 'l']","['a', 'f']",img/target_8.png
11,51,lattice,9,"['l', 'semicolon']","['f', 'space']",img/target_15.png
11,52,lattice,0,"['k', 'l']","['d', 'f']",img/target_13.png
11,53,lattice,1,"['space', 'l']","['a', 'f']",img/target_8.png
11,54,lattice,2,"['j', 'l']","['s', 'f']",img/target_11.png
11,55,lattice,3,"['j', 'semicolon']","['s', 'space']",img/target_12.png
11,56,lattice,2,"['j', 'l']","['s', 'f']",img/target_11.png
11,57,lattice,1,"['space', 'l']","['a', 'f']",img/target_8.png
11,58,lattice,3,"['j', 'semicolon']","['s', 'space']",img/target_12.png
11,59,lattice,2,"['j', 'l']","['s', 'f']",img/target_11.png
11,60,lattice,0,"['k', 'l']","['d', 'f']",img/target_13.png
11,61,lattice,9,"['l', 'semicolon']","['f', 'space']",img/target_15.png
11,62,lattice,1,"['space', 'l']","['a', 'f']",img/target_8.png
11,63,lattice,0,"['k', 'l']","['d', 'f']",img/target_13.png
11,64,lattice,2,"['j', 'l']","['s', 'f']",img/target_11.png
11,65,lattice,3,"['j', 'semicolon']","['s', 'space']",img/target_12.png
11,66,lattice,4,"['space', 'k']","['a', 'd']",img/target_7.png
11,67,lattice,6,"['j', 'k']","['s', 'd']",img/target_10.png
11,68,lattice,5,"['k', 'semicolon']","['d', 'space']",img/target_14.png
11,69,lattice,7,"['space', 'j']","['a', 's']",img/target_6.png
11,70,lattice,5,"['k', 'semicolon']","['d', 'space']",img/target_14.png
11,71,lattice,6,"['j', 'k']","['s', 'd']",img/target_10.png
11,72,lattice,5,"['k', 'semicolon']","['d', 'space']",img/target_14.png
11,73,lattice,4,"['space', 'k']","['a', 'd']",img/target_7.png
11,74,lattice,2,"['j', 'l']","['s', 'f']",img/target_11.png
11,75,lattice,1,"['space', 'l']","['a', 'f']",img/target_8.png
11,76,lattice,0,"['k', 'l']","['d', 'f']",img/target_13.png
11,77,lattice,1,"['space', 'l']","['a', 'f']",img/target_8.png
11,78,lattice,2,"['j', 'l']","['s', 'f']",img/target_11.png
11,79,lattice,1,"['space', 'l']","['a', 'f']",img/target_8.png
11,80,lattice,2,"['j', 'l']","['s', 'f']",img/target_11.png
11,81,lattice,0,"['k', 'l']","['d', 'f']",img/target_13.png
11,82,lattice,2,"['j', 'l']","['s', 'f']",img/target_11.png
11,83,lattice,0,"['k', 'l']","['d', 'f']",img/target_13.png
11,84,lattice,8,"['space', 'semicolon']","['a', 'space']",img/target_9.png
11,85,lattice,9,"['l', 'semicolon']","['f', 'space']",img/target_15.png
11,86,lattice,0,"['k', 'l']","['d', 'f']",img/target_13.png
11,87,lattice,2,"['j', 'l']","['s', 'f']",img/target_11.png
11,88,lattice,1,"['space', 'l']","['a', 'f']",img/target_8.png
11,89,lattice,2,"['j', 'l']","['s', 'f']",img/target_11.png
11,90,lattice,4,"['space', 'k']","['a', 'd']",img/target_7.png
11,91,lattice,6,"['j', 'k']","['s', 'd']",img/target_10.png
11,92,lattice,5,"['k', 'semicolon']","['d', 'space']",img/target_14.png
11,93,lattice,7,"['space', 'j']","['a', 's']",img/target_6.png
11,94,lattice,5,"['k', 'semicolon']","['d', 'space']",img/target_14.png
11,95,lattice,7,"['space', 'j']","['a', 's']",img/target_6.png
11,96,lattice,9,"['l', 'semicolon']","['f', 'space']",img/target_15.png
11,97,lattice,7,"['space', 'j']","['a', 's']",img/target_6.png
11,98,lattice,9,"['l', 'semicolon']","['f', 'space']",img/target_15.png
11,99,lattice,7,"['space', 'j']","['a', 's']",img/target_6.png
11,100,lattice,9,"['l', 'semicolon']","['f', 'space']",img/target_15.png
11,101,lattice,7,"['space', 'j']","['a', 's']",img/target_6.png
11,102,lattice,5,"['k', 'semicolon']","['d', 'space']",img/target_14.png
11,103,lattice,3,"['j', 'semicolon']","['s', 'space']",img/target_12.png
11,104,lattice,2,"['j', 'l']","['s', 'f']",img/target_11.png
11,105,lattice,3,"['j', 'semicolon']","['s', 'space']",img/target_12.png
11,106,lattice,5,"['k', 'semicolon']","['d', 'space']",img/target_14.png
11,107,lattice,7,"['space', 'j']","['a', 's']",img/target_6.png
11,108,lattice,9,"['l', 'semicolon']","['f', 'space']",img/target_15.png
11,109,lattice,7,"['space', 'j']","['a', 's']",img/target_6.png
11,110,lattice,5,"['k', 'semicolon']","['d', 'space']",img/target_14.png
11,111,lattice,3,"['j', 'semicolon']","['s', 'space']",img/target_12.png
11,112,lattice,4,"['space', 'k']","['a', 'd']",img/target_7.png
11,113,lattice,3,"['j', 'semicolon']","['s', 'space']",img/target_12.png
11,114,lattice,1,"['space', 'l']","['a', 'f']",img/target_8.png
11,115,lattice,0,"['k', 'l']","['d', 'f']",img/target_13.png
11,116,lattice,9,"['l', 'semicolon']","['f', 'space']",img/target_15.png
11,117,lattice,0,"['k', 'l']","['d', 'f']",img/target_13.png
11,118,lattice,1,"['space', 'l']","['a', 'f']",img/target_8.png
11,119,lattice,9,"['l', 'semicolon']","['f', 'space']",img/target_15.png
11,120,lattice,1,"['space', 'l']","['a', 'f']",img/target_8.png
11,121,lattice,3,"['j', 'semicolon']","['s', 'space']",img/target_12.png
11,122,lattice,5,"['k', 'semicolon']","['d', 'space']",img/target_14.png
11,123,lattice,7,"['space', 'j']","['a', 's']",img/target_6.png
11,124,lattice,9,"['l', 'semicolon']","['f', 'space']",img/target_15.png
11,125,lattice,0,"['k', 'l']","['d', 'f']",img/target_13.png
11,126,lattice,8,"['space', 'semicolon']","['a', 'space']",img/target_9.png
11,127,lattice,7,"['space', 'j']","['a', 's']",img/target_6.png
11,128,lattice,8,"['space', 'semicolon']","['a', 'space']",img/target_9.png
11,129,lattice,9,"['l', 'semicolon']","['f', 'space']",img/target_15.png
11,130,lattice,0,"['k', 'l']","['d', 'f']",img/target_13.png
11,131,lattice,8,"['space', 'semicolon']","['a', 'space']",img/target_9.png
11,132,lattice,6,"['j', 'k']","['s', 'd']",img/target_10.png
11,133,lattice,7,"['space', 'j']","['a', 's']",img/target_6.png
11,134,lattice,5,"['k', 'semicolon']","['d', 'space']",img/target_14.png
11,135,lattice,4,"['space', 'k']","['a', 'd']",img/target_7.png
11,136,lattice,2,"['j', 'l']","['s', 'f']",img/target_11.png
11,137,lattice,1,"['space', 'l']","['a', 'f']",img/target_8.png
11,138,lattice,0,"['k', 'l']","['d', 'f']",img/target_13.png
11,139,lattice,2,"['j', 'l']","['s', 'f']",img/target_11.png
11,140,lattice,0,"['k', 'l']","['d', 'f']",img/target_13.png
11,141,lattice,9,"['l', 'semicolon']","['f', 'space']",img/target_15.png
11,142,lattice,1,"['space', 'l']","['a', 'f']",img/target_8.png
11,143,lattice,3,"['j', 'semicolon']","['s', 'space']",img/target_12.png
11,144,lattice,1,"['space', 'l']","['a', 'f']",img/target_8.png
11,145,lattice,2,"['j', 'l']","['s', 'f']",img/target_11.png
11,146,lattice,0,"['k', 'l']","['d', 'f']",img/target_13.png
11,147,lattice,2,"['j', 'l']","['s', 'f']",img/target_11.png
11,148,lattice,0,"['k', 'l']","['d', 'f']",img/target_13.png
11,149,lattice,1,"['space', 'l']","['a', 'f']",img/target_8.png
11,150,lattice,3,"['j', 'semicolon']","['s', 'space']",img/target_12.png
11,151,lattice,2,"['j', 'l']","['s', 'f']",img/target_11.png
11,152,lattice,4,"['space', 'k']","['a', 'd']",img/target_7.png
11,153,lattice,2,"['j', 'l']","['s', 'f']",img/target_11.png
11,154,lattice,0,"['k', 'l']","['d', 'f']",img/target_13.png
11,155,lattice,9,"['l', 'semicolon']","['f', 'space']",img/target_15.png
11,156,lattice,8,"['space', 'semicolon']","['a', 'space']",img/target_9.png
11,157,lattice,6,"['j', 'k']","['s', 'd']",img/target_10.png
11,158,lattice,4,"['space', 'k']","['a', 'd']",img/target_7.png
11,159,lattice,2,"['j', 'l']","['s', 'f']",img/target_11.png
11,160,lattice,4,"['space', 'k']","['a', 'd']",img/target_7.png
11,161,lattice,3,"['j', 'semicolon']","['s', 'space']",img/target_12.png
11,162,lattice,5,"['k', 'semicolon']","['d', 'space']",img/target_14.png
11,163,lattice,6,"['j', 'k']","['s', 'd']",img/target_10.png
11,164,lattice,5,"['k', 'semicolon']","['d', 'space']",img/target_14.png
11,165,lattice,4,"['space', 'k']","['a', 'd']",img/target_7.png
11,166,lattice,2,"['j', 'l']","['s', 'f']",img/target_11.png
11,167,lattice,0,"['k', 'l']","['d', 'f']",img/target_13.png
11,168,lattice,2,"['j', 'l']","['s', 'f']",img/target_11.png
11,169,lattice,0,"['k', 'l']","['d', 'f']",img/target_13.png
11,170,lattice,8,"['space', 'semicolon']","['a', 'space']",img/target_9.png
11,171,lattice,0,"['k', 'l']","['d', 'f']",img/target_13.png
11,172,lattice,9,"['l', 'semicolon']","['f', 'space']",img/target_15.png
11,173,lattice,7,"['space', 'j']","['a', 's']",img/target_6.png
11,174,lattice,9,"['l', 'semicolon']","['f', 'space']",img/target_15.png
11,175,lattice,0,"['k', 'l']","['d', 'f']",img/target_13.png
11,176,lattice,1,"['space', 'l']","['a', 'f']",img/target_8.png
11,177,lattice,9,"['l', 'semicolon']","['f', 'space']",img/target_15.png
11,178,lattice,7,"['space', 'j']","['a', 's']",img/target_6.png
11,179,lattice,8,"['space', 'semicolon']","['a', 'space']",img/target_9.png
11,180,lattice,6,"['j', 'k']","['s', 'd']",img/target_10.png
11,181,lattice,4,"['space', 'k']","['a', 'd']",img/target_7.png
11,182,lattice,6,"['j', 'k']","['s', 'd']",img/target_10.png
11,183,lattice,8,"['space', 'semicolon']","['a', 'space']",img/target_9.png
11,184,lattice,0,"['k', 'l']","['d', 'f']",img/target_13.png
11,185,lattice,2,"['j', 'l']","['s', 'f']",img/target_11.png
11,186,lattice,3,"['j', 'semicolon']","['s', 'space']",img/target_12.png
11,187,lattice,5,"['k', 'semicolon']","['d', 'space']",img/target_14.png
11,188,lattice,4,"['space', 'k']","['a', 'd']",img/target_7.png
11,189,lattice,5,"['k', 'semicolon']","['d', 'space']",img/target_14.png
11,190,lattice,4,"['space', 'k']","['a', 'd']",img/target_7.png
11,191,lattice,5,"['k', 'semicolon']","['d', 'space']",img/target_14.png
11,192,lattice,7,"['space', 'j']","['a', 's']",img/target_6.png
11,193,lattice,9,"['l', 'semicolon']","['f', 'space']",img/target_15.png
11,194,lattice,1,"['space', 'l']","['a', 'f']",img/target_8.png
11,195,lattice,9,"['l', 'semicolon']","['f', 'space']",img/target_15.png
11,196,lattice,1,"['space', 'l']","['a', 'f']",img/target_8.png
11,197,lattice,0,"['k', 'l']","['d', 'f']",img/target_13.png
11,198,lattice,1,"['space', 'l']","['a', 'f']",img/target_8.png
11,199,lattice,0,"['k', 'l']","['d', 'f']",img/target_13.png
11,200,lattice,2,"['j', 'l']","['s', 'f']",img/target_11.png
11,201,lattice,0,"['k', 'l']","['d', 'f']",img/target_13.png
11,202,lattice,2,"['j', 'l']","['s', 'f']",img/target_11.png
11,203,lattice,3,"['j', 'semicolon']","['s', 'space']",img/target_12.png
11,204,lattice,4,"['space', 'k']","['a', 'd']",img/target_7.png
11,205,lattice,3,"['j', 'semicolon']","['s', 'space']",img/target_12.png
11,206,lattice,1,"['space', 'l']","['a', 'f']",img/target_8.png
11,207,lattice,3,"['j', 'semicolon']","['s', 'space']",img/target_12.png
11,208,lattice,2,"['j', 'l']","['s', 'f']",img/target_11.png
11,209,lattice,4,"['space', 'k']","['a', 'd']",img/target_7.png
11,210,lattice,5,"['k', 'semicolon']","['d', 'space']",img/target_14.png
11,211,lattice,6,"['j', 'k']","['s', 'd']",img/target_10.png
11,212,lattice,7,"['space', 'j']","['a', 's']",img/target_6.png
11,213,lattice,5,"['k', 'semicolon']","['d', 'space']",img/target_14.png
11,214,lattice,6,"['j', 'k']","['s', 'd']",img/target_10.png
11,215,lattice,5,"['k', 'semicolon']","['d', 'space']",img/target_14.png
11,216,lattice,3,"['j', 'semicolon']","['s', 'space']",img/target_12.png
11,217,lattice,1,"['space', 'l']","['a', 'f']",img/target_8.png
11,218,lattice,0,"['k', 'l']","['d', 'f']",img/target_13.png
11,219,lattice,1,"['space', 'l']","['a', 'f']",img/target_8.png
11,220,lattice,9,"['l', 'semicolon']","['f', 'space']",img/target_15.png
11,221,lattice,7,"['space', 'j']","['a', 's']",img/target_6.png
11,222,lattice,9,"['l', 'semicolon']","['f', 'space']",img/target_15.png
11,223,lattice,7,"['space', 'j']","['a', 's']",img/target_6.png
11,224,lattice,5,"['k', 'semicolon']","['d', 'space']",img/target_14.png
11,225,lattice,7,"['space', 'j']","['a', 's']",img/target_6.png
11,226,lattice,5,"['k', 'semicolon']","['d', 'space']",img/target_14.png
11,227,lattice,3,"['j', 'semicolon']","['s', 'space']",img/target_12.png
11,228,lattice,4,"['space', 'k']","['a', 'd']",img/target_7.png
11,229,lattice,3,"['j', 'semicolon']","['s', 'space']",img/target_12.png
11,230,lattice,4,"['space', 'k']","['a', 'd']",img/target_7.png
11,231,lattice,2,"['j', 'l']","['s', 'f']",img/target_11.png
11,232,lattice,4,"['space', 'k']","['a', 'd']",img/target_7.png
11,233,lattice,5,"['k', 'semicolon']","['d', 'space']",img/target_14.png
11,234,lattice,4,"['space', 'k']","['a', 'd']",img/target_7.png
11,235,lattice,2,"['j', 'l']","['s', 'f']",img/target_11.png
11,236,lattice,3,"['j', 'semicolon']","['s', 'space']",img/target_12.png
11,237,lattice,4,"['space', 'k']","['a', 'd']",img/target_7.png
11,238,lattice,5,"['k', 'semicolon']","['d', 'space']",img/target_14.png
11,239,lattice,4,"['space', 'k']","['a', 'd']",img/target_7.png
11,240,lattice,3,"['j', 'semicolon']","['s', 'space']",img/target_12.png
11,241,lattice,4,"['space', 'k']","['a', 'd']",img/target_7.png
11,242,lattice,2,"['j', 'l']","['s', 'f']",img/target_11.png
11,243,lattice,0,"['k', 'l']","['d', 'f']",img/target_13.png
11,244,lattice,2,"['j', 'l']","['s', 'f']",img/target_11.png
11,245,lattice,4,"['space', 'k']","['a', 'd']",img/target_7.png
11,246,lattice,3,"['j', 'semicolon']","['s', 'space']",img/target_12.png
11,247,lattice,4,"['space', 'k']","['a', 'd']",img/target_7.png
11,248,lattice,3,"['j', 'semicolon']","['s', 'space']",img/target_12.png
11,249,lattice,4,"['space', 'k']","['a', 'd']",img/target_7.png
11,250,lattice,5,"['k', 'semicolon']","['d', 'space']",img/target_14.png
11,251,lattice,4,"['space', 'k']","['a', 'd']",img/target_7.png
11,252,lattice,5,"['k', 'semicolon']","['d', 'space']",img/target_14.png
11,253,lattice,6,"['j', 'k']","['s', 'd']",img/target_10.png
11,254,lattice,7,"['space', 'j']","['a', 's']",img/target_6.png
11,255,lattice,6,"['j', 'k']","['s', 'd']",img/target_10.png
11,256,lattice,7,"['space', 'j']","['a', 's']",img/target_6.png
11,257,lattice,6,"['j', 'k']","['s', 'd']",img/target_10.png
11,258,lattice,8,"['space', 'semicolon']","['a', 'space']",img/target_9.png
11,259,lattice,6,"['j', 'k']","['s', 'd']",img/target_10.png
11,260,lattice,4,"['space', 'k']","['a', 'd']",img/target_7.png
11,261,lattice,2,"['j', 'l']","['s', 'f']",img/target_11.png
11,262,lattice,1,"['space', 'l']","['a', 'f']",img/target_8.png
11,263,lattice,2,"['j', 'l']","['s', 'f']",img/target_11.png
11,264,lattice,4,"['space', 'k']","['a', 'd']",img/target_7.png
11,265,lattice,6,"['j', 'k']","['s', 'd']",img/target_10.png
11,266,lattice,7,"['space', 'j']","['a', 's']",img/target_6.png
11,267,lattice,8,"['space', 'semicolon']","['a', 'space']",img/target_9.png
11,268,lattice,9,"['l', 'semicolon']","['f', 'space']",img/target_15.png
11,269,lattice,1,"['space', 'l']","['a', 'f']",img/target_8.png
11,270,lattice,2,"['j', 'l']","['s', 'f']",img/target_11.png
11,271,lattice,0,"['k', 'l']","['d', 'f']",img/target_13.png
11,272,lattice,1,"['space', 'l']","['a', 'f']",img/target_8.png
11,273,lattice,0,"['k', 'l']","['d', 'f']",img/target_13.png
11,274,lattice,9,"['l', 'semicolon']","['f', 'space']",img/target_15.png
11,275,lattice,1,"['space', 'l']","['a', 'f']",img/target_8.png
11,276,lattice,3,"['j', 'semicolon']","['s', 'space']",img/target_12.png
11,277,lattice,2,"['j', 'l']","['s', 'f']",img/target_11.png
11,278,lattice,3,"['j', 'semicolon']","['s', 'space']",img/target_12.png
11,279,lattice,2,"['j', 'l']","['s', 'f']",img/target_11.png
11,280,lattice,3,"['j', 'semicolon']","['s', 'space']",img/target_12.png
11,281,lattice,4,"['space', 'k']","['a', 'd']",img/target_7.png
11,282,lattice,3,"['j', 'semicolon']","['s', 'space']",img/target_12.png
11,283,lattice,2,"['j', 'l']","['s', 'f']",img/target_11.png
11,284,lattice,3,"['j', 'semicolon']","['s', 'space']",img/target_12.png
11,285,lattice,5,"['k', 'semicolon']","['d', 'space']",img/target_14.png
11,286,lattice,3,"['j', 'semicolon']","['s', 'space']",img/target_12.png
11,287,lattice,5,"['k', 'semicolon']","['d', 'space']",img/target_14.png
11,288,lattice,3,"['j', 'semicolon']","['s', 'space']",img/target_12.png
11,289,lattice,4,"['space', 'k']","['a', 'd']",img/target_7.png
11,290,lattice,6,"['j', 'k']","['s', 'd']",img/target_10.png
11,291,lattice,7,"['space', 'j']","['a', 's']",img/target_6.png
11,292,lattice,6,"['j', 'k']","['s', 'd']",img/target_10.png
11,293,lattice,8,"['space', 'semicolon']","['a', 'space']",img/target_9.png
11,294,lattice,9,"['l', 'semicolon']","['f', 'space']",img/target_15.png
11,295,lattice,7,"['space', 'j']","['a', 's']",img/target_6.png
11,296,lattice,8,"['space', 'semicolon']","['a', 'space']",img/target_9.png
11,297,lattice,7,"['space', 'j']","['a', 's']",img/target_6.png
11,298,lattice,5,"['k', 'semicolon']","['d', 'space']",img/target_14.png
11,299,lattice,4,"['space', 'k']","['a', 'd']",img/target_7.png
11,300,lattice,5,"['k', 'semicolon']","['d', 'space']",img/target_14.png
11,301,lattice,7,"['space', 'j']","['a', 's']",img/target_6.png
11,302,lattice,5,"['k', 'semicolon']","['d', 'space']",img/target_14.png
11,303,lattice,4,"['space', 'k']","['a', 'd']",img/target_7.png
11,304,lattice,3,"['j', 'semicolon']","['s', 'space']",img/target_12.png
11,305,lattice,4,"['space', 'k']","['a', 'd']",img/target_7.png
11,306,lattice,3,"['j', 'semicolon']","['s', 'space']",img/target_12.png
11,307,lattice,4,"['space', 'k']","['a', 'd']",img/target_7.png
11,308,lattice,2,"['j', 'l']","['s', 'f']",img/target_11.png
11,309,lattice,3,"['j', 'semicolon']","['s', 'space']",img/target_12.png
11,310,lattice,5,"['k', 'semicolon']","['d', 'space']",img/target_14.png
11,311,lattice,7,"['space', 'j']","['a', 's']",img/target_6.png
11,312,lattice,6,"['j', 'k']","['s', 'd']",img/target_10.png
11,313,lattice,5,"['k', 'semicolon']","['d', 'space']",img/target_14.png
11,314,lattice,6,"['j', 'k']","['s', 'd']",img/target_10.png
11,315,lattice,8,"['space', 'semicolon']","['a', 'space']",img/target_9.png
11,316,lattice,0,"['k', 'l']","['d', 'f']",img/target_13.png
11,317,lattice,1,"['space', 'l']","['a', 'f']",img/target_8.png
11,318,lattice,9,"['l', 'semicolon']","['f', 'space']",img/target_15.png
11,319,lattice,7,"['space', 'j']","['a', 's']",img/target_6.png
11,320,lattice,5,"['k', 'semicolon']","['d', 'space']",img/target_14.png
11,321,lattice,6,"['j', 'k']","['s', 'd']",img/target_10.png
11,322,lattice,4,"['space', 'k']","['a', 'd']",img/target_7.png
11,323,lattice,2,"['j', 'l']","['s', 'f']",img/target_11.png
11,324,lattice,1,"['space', 'l']","['a', 'f']",img/target_8.png
11,325,lattice,3,"['j', 'semicolon']","['s', 'space']",img/target_12.png
11,326,lattice,2,"['j', 'l']","['s', 'f']",img/target_11.png
11,327,lattice,4,"['space', 'k']","['a', 'd']",img/target_7.png
11,328,lattice,2,"['j', 'l']","['s', 'f']",img/target_11.png
11,329,lattice,3,"['j', 'semicolon']","['s', 'space']",img/target_12.png
11,330,lattice,5,"['k', 'semicolon']","['d', 'space']",img/target_14.png
11,331,lattice,6,"['j', 'k']","['s', 'd']",img/target_10.png
11,332,lattice,4,"['space', 'k']","['a', 'd']",img/target_7.png
11,333,lattice,3,"['j', 'semicolon']","['s', 'space']",img/target_12.png
11,334,lattice,1,"['space', 'l']","['a', 'f']",img/target_8.png
11,335,lattice,3,"['j', 'semicolon']","['s', 'space']",img/target_12.png
11,336,lattice,4,"['space', 'k']","['a', 'd']",img/target_7.png
11,337,lattice,3,"['j', 'semicolon']","['s', 'space']",img/target_12.png
11,338,lattice,4,"['space', 'k']","['a', 'd']",img/target_7.png
11,339,lattice,5,"['k', 'semicolon']","['d', 'space']",img/target_14.png
11,340,lattice,4,"['space', 'k']","['a', 'd']",img/target_7.png
11,341,lattice,6,"['j', 'k']","['s', 'd']",img/target_10.png
11,342,lattice,7,"['space', 'j']","['a', 's']",img/target_6.png
11,343,lattice,9,"['l', 'semicolon']","['f', 'space']",img/target_15.png
11,344,lattice,1,"['space', 'l']","['a', 'f']",img/target_8.png
11,345,lattice,2,"['j', 'l']","['s', 'f']",img/target_11.png
11,346,lattice,0,"['k', 'l']","['d', 'f']",img/target_13.png
11,347,lattice,8,"['space', 'semicolon']","['a', 'space']",img/target_9.png
11,348,lattice,6,"['j', 'k']","['s', 'd']",img/target_10.png
11,349,lattice,4,"['space', 'k']","['a', 'd']",img/target_7.png
11,350,lattice,6,"['j', 'k']","['s', 'd']",img/target_10.png
11,351,lattice,4,"['space', 'k']","['a', 'd']",img/target_7.png
11,352,lattice,2,"['j', 'l']","['s', 'f']",img/target_11.png
11,353,lattice,3,"['j', 'semicolon']","['s', 'space']",img/target_12.png
11,354,lattice,1,"['space', 'l']","['a', 'f']",img/target_8.png
11,355,lattice,3,"['j', 'semicolon']","['s', 'space']",img/target_12.png
11,356,lattice,2,"['j', 'l']","['s', 'f']",img/target_11.png
11,357,lattice,3,"['j', 'semicolon']","['s', 'space']",img/target_12.png
11,358,lattice,2,"['j', 'l']","['s', 'f']",img/target_11.png
11,359,lattice,4,"['space', 'k']","['a', 'd']",img/target_7.png
11,360,lattice,5,"['k', 'semicolon']","['d', 'space']",img/target_14.png
11,361,lattice,7,"['space', 'j']","['a', 's']",img/target_6.png
11,362,lattice,5,"['k', 'semicolon']","['d', 'space']",img/target_14.png
11,363,lattice,7,"['space', 'j']","['a', 's']",img/target_6.png
11,364,lattice,8,"['space', 'semicolon']","['a', 'space']",img/target_9.png
11,365,lattice,6,"['j', 'k']","['s', 'd']",img/target_10.png
11,366,lattice,4,"['space', 'k']","['a', 'd']",img/target_7.png
11,367,lattice,5,"['k', 'semicolon']","['d', 'space']",img/target_14.png
11,368,lattice,4,"['space', 'k']","['a', 'd']",img/target_7.png
11,369,lattice,6,"['j', 'k']","['s', 'd']",img/target_10.png
11,370,lattice,4,"['space', 'k']","['a', 'd']",img/target_7.png
11,371,lattice,3,"['j', 'semicolon']","['s', 'space']",img/target_12.png
11,372,lattice,4,"['space', 'k']","['a', 'd']",img/target_7.png
11,373,lattice,6,"['j', 'k']","['s', 'd']",img/target_10.png
11,374,lattice,8,"['space', 'semicolon']","['a', 'space']",img/target_9.png
11,375,lattice,7,"['space', 'j']","['a', 's']",img/target_6.png
11,376,lattice,8,"['space', 'semicolon']","['a', 'space']",img/target_9.png
11,377,lattice,6,"['j', 'k']","['s', 'd']",img/target_10.png
11,378,lattice,8,"['space', 'semicolon']","['a', 'space']",img/target_9.png
11,379,lattice,9,"['l', 'semicolon']","['f', 'space']",img/target_15.png
11,380,lattice,8,"['space', 'semicolon']","['a', 'space']",img/target_9.png
11,381,lattice,0,"['k', 'l']","['d', 'f']",img/target_13.png
11,382,lattice,9,"['l', 'semicolon']","['f', 'space']",img/target_15.png
11,383,lattice,1,"['space', 'l']","['a', 'f']",img/target_8.png
11,384,lattice,3,"['j', 'semicolon']","['s', 'space']",img/target_12.png
11,385,lattice,1,"['space', 'l']","['a', 'f']",img/target_8.png
11,386,lattice,0,"['k', 'l']","['d', 'f']",img/target_13.png
11,387,lattice,8,"['space', 'semicolon']","['a', 'space']",img/target_9.png
11,388,lattice,9,"['l', 'semicolon']","['f', 'space']",img/target_15.png
11,389,lattice,8,"['space', 'semicolon']","['a', 'space']",img/target_9.png
11,390,lattice,0,"['k', 'l']","['d', 'f']",img/target_13.png
11,391,lattice,9,"['l', 'semicolon']","['f', 'space']",img/target_15.png
11,392,lattice,1,"['space', 'l']","['a', 'f']",img/target_8.png
11,393,lattice,9,"['l', 'semicolon']","['f', 'space']",img/target_15.png
11,394,lattice,8,"['space', 'semicolon']","['a', 'space']",img/target_9.png
11,395,lattice,9,"['l', 'semicolon']","['f', 'space']",img/target_15.png
11,396,lattice,0,"['k', 'l']","['d', 'f']",img/target_13.png
11,397,lattice,1,"['space', 'l']","['a', 'f']",img/target_8.png
11,398,lattice,2,"['j', 'l']","['s', 'f']",img/target_11.png
11,399,lattice,4,"['space', 'k']","['a', 'd']",img/target_7.png
11,400,lattice,5,"['k', 'semicolon']","['d', 'space']",img/target_14.png
11,401,lattice,3,"['j', 'semicolon']","['s', 'space']",img/target_12.png
11,402,lattice,5,"['k', 'semicolon']","['d', 'space']",img/target_14.png
11,403,lattice,7,"['space', 'j']","['a', 's']",img/target_6.png
11,404,lattice,9,"['l', 'semicolon']","['f', 'space']",img/target_15.png
11,405,lattice,1,"['space', 'l']","['a', 'f']",img/target_8.png
11,406,lattice,9,"['l', 'semicolon']","['f', 'space']",img/target_15.png
11,407,lattice,0,"['k', 'l']","['d', 'f']",img/target_13.png
11,408,lattice,8,"['space', 'semicolon']","['a', 'space']",img/target_9.png
11,409,lattice,7,"['space', 'j']","['a', 's']",img/target_6.png
11,410,lattice,5,"['k', 'semicolon']","['d', 'space']",img/target_14.png
11,411,lattice,7,"['space', 'j']","['a', 's']",img/target_6.png
11,412,lattice,6,"['j', 'k']","['s', 'd']",img/target_10.png
11,413,lattice,5,"['k', 'semicolon']","['d', 'space']",img/target_14.png
11,414,lattice,7,"['space', 'j']","['a', 's']",img/target_6.png
11,415,lattice,6,"['j', 'k']","['s', 'd']",img/target_10.png
11,416,lattice,7,"['space', 'j']","['a', 's']",img/target_6.png
11,417,lattice,5,"['k', 'semicolon']","['d', 'space']",img/target_14.png
11,418,lattice,7,"['space', 'j']","['a', 's']",img/target_6.png
11,419,lattice,9,"['l', 'semicolon']","['f', 'space']",img/target_15.png
11,420,lattice,8,"['space', 'semicolon']","['a', 'space']",img/target_9.png
11,421,lattice,9,"['l', 'semicolon']","['f', 'space']",img/target_15.png
11,422,lattice,0,"['k', 'l']","['d', 'f']",img/target_13.png
11,423,lattice,8,"['space', 'semicolon']","['a', 'space']",img/target_9.png
11,424,lattice,6,"['j', 'k']","['s', 'd']",img/target_10.png
11,425,lattice,5,"['k', 'semicolon']","['d', 'space']",img/target_14.png
11,426,lattice,3,"['j', 'semicolon']","['s', 'space']",img/target_12.png
11,427,lattice,4,"['space', 'k']","['a', 'd']",img/target_7.png
11,428,lattice,3,"['j', 'semicolon']","['s', 'space']",img/target_12.png
11,429,lattice,2,"['j', 'l']","['s', 'f']",img/target_11.png
11,430,lattice,3,"['j', 'semicolon']","['s', 'space']",img/target_12.png
11,431,lattice,4,"['space', 'k']","['a', 'd']",img/target_7.png
11,432,lattice,5,"['k', 'semicolon']","['d', 'space']",img/target_14.png
11,433,lattice,3,"['j', 'semicolon']","['s', 'space']",img/target_12.png
11,434,lattice,4,"['space', 'k']","['a', 'd']",img/target_7.png
11,435,lattice,5,"['k', 'semicolon']","['d', 'space']",img/target_14.png
11,436,lattice,7,"['space', 'j']","['a', 's']",img/target_6.png
11,437,lattice,9,"['l', 'semicolon']","['f', 'space']",img/target_15.png
11,438,lattice,8,"['space', 'semicolon']","['a', 'space']",img/target_9.png
11,439,lattice,0,"['k', 'l']","['d', 'f']",img/target_13.png
11,440,lattice,8,"['space', 'semicolon']","['a', 'space']",img/target_9.png
11,441,lattice,6,"['j', 'k']","['s', 'd']",img/target_10.png
11,442,lattice,5,"['k', 'semicolon']","['d', 'space']",img/target_14.png
11,443,lattice,3,"['j', 'semicolon']","['s', 'space']",img/target_12.png
11,444,lattice,4,"['space', 'k']","['a', 'd']",img/target_7.png
11,445,lattice,5,"['k', 'semicolon']","['d', 'space']",img/target_14.png
11,446,lattice,3,"['j', 'semicolon']","['s', 'space']",img/target_12.png
11,447,lattice,5,"['k', 'semicolon']","['d', 'space']",img/target_14.png
11,448,lattice,3,"['j', 'semicolon']","['s', 'space']",img/target_12.png
11,449,lattice,1,"['space', 'l']","['a', 'f']",img/target_8.png
11,450,lattice,0,"['k', 'l']","['d', 'f']",img/target_13.png
11,451,lattice,2,"['j', 'l']","['s', 'f']",img/target_11.png
11,452,lattice,3,"['j', 'semicolon']","['s', 'space']",img/target_12.png
11,453,lattice,2,"['j', 'l']","['s', 'f']",img/target_11.png
11,454,lattice,1,"['space', 'l']","['a', 'f']",img/target_8.png
11,455,lattice,3,"['j', 'semicolon']","['s', 'space']",img/target_12.png
11,456,lattice,4,"['space', 'k']","['a', 'd']",img/target_7.png
11,457,lattice,3,"['j', 'semicolon']","['s', 'space']",img/target_12.png
11,458,lattice,2,"['j', 'l']","['s', 'f']",img/target_11.png
11,459,lattice,3,"['j', 'semicolon']","['s', 'space']",img/target_12.png
11,460,lattice,5,"['k', 'semicolon']","['d', 'space']",img/target_14.png
11,461,lattice,6,"['j', 'k']","['s', 'd']",img/target_10.png
11,462,lattice,4,"['space', 'k']","['a', 'd']",img/target_7.png
11,463,lattice,5,"['k', 'semicolon']","['d', 'space']",img/target_14.png
11,464,lattice,3,"['j', 'semicolon']","['s', 'space']",img/target_12.png
11,465,lattice,1,"['space', 'l']","['a', 'f']",img/target_8.png
11,466,lattice,0,"['k', 'l']","['d', 'f']",img/target_13.png
11,467,lattice,1,"['space', 'l']","['a', 'f']",img/target_8.png
11,468,lattice,2,"['j', 'l']","['s', 'f']",img/target_11.png
11,469,lattice,3,"['j', 'semicolon']","['s', 'space']",img/target_12.png
11,470,lattice,1,"['space', 'l']","['a', 'f']",img/target_8.png
11,471,lattice,3,"['j', 'semicolon']","['s', 'space']",img/target_12.png
11,472,lattice,2,"['j', 'l']","['s', 'f']",img/target_11.png
11,473,lattice,1,"['space', 'l']","['a', 'f']",img/target_8.png
11,474,lattice,0,"['k', 'l']","['d', 'f']",img/target_13.png
11,475,lattice,9,"['l', 'semicolon']","['f', 'space']",img/target_15.png
11,476,lattice,1,"['space', 'l']","['a', 'f']",img/target_8.png
11,477,lattice,0,"['k', 'l']","['d', 'f']",img/target_13.png
11,478,lattice,2,"['j', 'l']","['s', 'f']",img/target_11.png
11,479,lattice,1,"['space', 'l']","['a', 'f']",img/target_8.png
11,480,lattice,2,"['j', 'l']","['s', 'f']",img/target_11.png
11,481,lattice,0,"['k', 'l']","['d', 'f']",img/target_13.png
11,482,lattice,2,"['j', 'l']","['s', 'f']",img/target_11.png
11,483,lattice,1,"['space', 'l']","['a', 'f']",img/target_8.png
11,484,lattice,2,"['j', 'l']","['s', 'f']",img/target_11.png
11,485,lattice,1,"['space', 'l']","['a', 'f']",img/target_8.png
11,486,lattice,9,"['l', 'semicolon']","['f', 'space']",img/target_15.png
11,487,lattice,1,"['space', 'l']","['a', 'f']",img/target_8.png
11,488,lattice,0,"['k', 'l']","['d', 'f']",img/target_13.png
11,489,lattice,8,"['space', 'semicolon']","['a', 'space']",img/target_9.png
11,490,lattice,0,"['k', 'l']","['d', 'f']",img/target_13.png
11,491,lattice,8,"['space', 'semicolon']","['a', 'space']",img/target_9.png
11,492,lattice,9,"['l', 'semicolon']","['f', 'space']",img/target_15.png
11,493,lattice,7,"['space', 'j']","['a', 's']",img/target_6.png
11,494,lattice,6,"['j', 'k']","['s', 'd']",img/target_10.png
11,495,lattice,5,"['k', 'semicolon']","['d', 'space']",img/target_14.png
11,496,lattice,4,"['space', 'k']","['a', 'd']",img/target_7.png
11,497,lattice,6,"['j', 'k']","['s', 'd']",img/target_10.png
11,498,lattice,5,"['k', 'semicolon']","['d', 'space']",img/target_14.png
11,499,lattice,7,"['space', 'j']","['a', 's']",img/target_6.png
11,500,lattice,6,"['j', 'k']","['s', 'd']",img/target_10.png
11,501,lattice,7,"['space', 'j']","['a', 's']",img/target_6.png
11,502,lattice,6,"['j', 'k']","['s', 'd']",img/target_10.png
11,503,lattice,4,"['space', 'k']","['a', 'd']",img/target_7.png
11,504,lattice,3,"['j', 'semicolon']","['s', 'space']",img/target_12.png
11,505,lattice,4,"['space', 'k']","['a', 'd']",img/target_7.png
11,506,lattice,2,"['j', 'l']","['s', 'f']",img/target_11.png
11,507,lattice,0,"['k', 'l']","['d', 'f']",img/target_13.png
11,508,lattice,2,"['j', 'l']","['s', 'f']",img/target_11.png
11,509,lattice,0,"['k', 'l']","['d', 'f']",img/target_13.png
11,510,lattice,2,"['j', 'l']","['s', 'f']",img/target_11.png
11,511,lattice,1,"['space', 'l']","['a', 'f']",img/target_8.png
11,512,lattice,0,"['k', 'l']","['d', 'f']",img/target_13.png
11,513,lattice,8,"['space', 'semicolon']","['a', 'space']",img/target_9.png
11,514,lattice,9,"['l', 'semicolon']","['f', 'space']",img/target_15.png
11,515,lattice,8,"['space', 'semicolon']","['a', 'space']",img/target_9.png
11,516,lattice,0,"['k', 'l']","['d', 'f']",img/target_13.png
11,517,lattice,2,"['j', 'l']","['s', 'f']",img/target_11.png
11,518,lattice,3,"['j', 'semicolon']","['s', 'space']",img/target_12.png
11,519,lattice,1,"['space', 'l']","['a', 'f']",img/target_8.png
11,520,lattice,0,"['k', 'l']","['d', 'f']",img/target_13.png
11,521,lattice,1,"['space', 'l']","['a', 'f']",img/target_8.png
11,522,lattice,0,"['k', 'l']","['d', 'f']",img/target_13.png
11,523,lattice,9,"['l', 'semicolon']","['f', 'space']",img/target_15.png
11,524,lattice,8,"['space', 'semicolon']","['a', 'space']",img/target_9.png
11,525,lattice,7,"['space', 'j']","['a', 's']",img/target_6.png
11,526,lattice,5,"['k', 'semicolon']","['d', 'space']",img/target_14.png
11,527,lattice,6,"['j', 'k']","['s', 'd']",img/target_10.png
11,528,lattice,4,"['space', 'k']","['a', 'd']",img/target_7.png
11,529,lattice,2,"['j', 'l']","['s', 'f']",img/target_11.png
11,530,lattice,3,"['j', 'semicolon']","['s', 'space']",img/target_12.png
11,531,lattice,1,"['space', 'l']","['a', 'f']",img/target_8.png
11,532,lattice,0,"['k', 'l']","['d', 'f']",img/target_13.png
11,533,lattice,2,"['j', 'l']","['s', 'f']",img/target_11.png
11,534,lattice,4,"['space', 'k']","['a', 'd']",img/target_7.png
11,535,lattice,3,"['j', 'semicolon']","['s', 'space']",img/target_12.png
11,536,lattice,2,"['j', 'l']","['s', 'f']",img/target_11.png
11,537,lattice,1,"['space', 'l']","['a', 'f']",img/target_8.png
11,538,lattice,2,"['j', 'l']","['s', 'f']",img/target_11.png
11,539,lattice,0,"['k', 'l']","['d', 'f']",img/target_13.png
11,540,lattice,9,"['l', 'semicolon']","['f', 'space']",img/target_15.png
11,541,lattice,0,"['k', 'l']","['d', 'f']",img/target_13.png
11,542,lattice,8,"['space', 'semicolon']","['a', 'space']",img/target_9.png
11,543,lattice,7,"['space', 'j']","['a', 's']",img/target_6.png
11,544,lattice,9,"['l', 'semicolon']","['f', 'space']",img/target_15.png
11,545,lattice,1,"['space', 'l']","['a', 'f']",img/target_8.png
11,546,lattice,2,"['j', 'l']","['s', 'f']",img/target_11.png
11,547,lattice,0,"['k', 'l']","['d', 'f']",img/target_13.png
11,548,lattice,9,"['l', 'semicolon']","['f', 'space']",img/target_15.png
11,549,lattice,1,"['space', 'l']","['a', 'f']",img/target_8.png
11,550,lattice,3,"['j', 'semicolon']","['s', 'space']",img/target_12.png
11,551,lattice,2,"['j', 'l']","['s', 'f']",img/target_11.png
11,552,lattice,3,"['j', 'semicolon']","['s', 'space']",img/target_12.png
11,553,lattice,4,"['space', 'k']","['a', 'd']",img/target_7.png
11,554,lattice,3,"['j', 'semicolon']","['s', 'space']",img/target_12.png
11,555,lattice,5,"['k', 'semicolon']","['d', 'space']",img/target_14.png
11,556,lattice,7,"['space', 'j']","['a', 's']",img/target_6.png
11,557,lattice,5,"['k', 'semicolon']","['d', 'space']",img/target_14.png
11,558,lattice,7,"['space', 'j']","['a', 's']",img/target_6.png
11,559,lattice,9,"['l', 'semicolon']","['f', 'space']",img/target_15.png
11,560,lattice,0,"['k', 'l']","['d', 'f']",img/target_13.png
11,561,lattice,8,"['space', 'semicolon']","['a', 'space']",img/target_9.png
11,562,lattice,9,"['l', 'semicolon']","['f', 'space']",img/target_15.png
11,563,lattice,7,"['space', 'j']","['a', 's']",img/target_6.png
11,564,lattice,9,"['l', 'semicolon']","['f', 'space']",img/target_15.png
11,565,lattice,8,"['space', 'semicolon']","['a', 'space']",img/target_9.png
11,566,lattice,7,"['space', 'j']","['a', 's']",img/target_6.png
11,567,lattice,9,"['l', 'semicolon']","['f', 'space']",img/target_15.png
11,568,lattice,8,"['space', 'semicolon']","['a', 'space']",img/target_9.png
11,569,lattice,9,"['l', 'semicolon']","['f', 'space']",img/target_15.png
11,570,lattice,1,"['space', 'l']","['a', 'f']",img/target_8.png
11,571,lattice,2,"['j', 'l']","['s', 'f']",img/target_11.png
11,572,lattice,4,"['space', 'k']","['a', 'd']",img/target_7.png
11,573,lattice,6,"['j', 'k']","['s', 'd']",img/target_10.png
11,574,lattice,8,"['space', 'semicolon']","['a', 'space']",img/target_9.png
11,575,lattice,7,"['space', 'j']","['a', 's']",img/target_6.png
11,576,lattice,6,"['j', 'k']","['s', 'd']",img/target_10.png
11,577,lattice,7,"['space', 'j']","['a', 's']",img/target_6.png
11,578,lattice,8,"['space', 'semicolon']","['a', 'space']",img/target_9.png
11,579,lattice,6,"['j', 'k']","['s', 'd']",img/target_10.png
11,580,lattice,4,"['space', 'k']","['a', 'd']",img/target_7.png
11,581,lattice,2,"['j', 'l']","['s', 'f']",img/target_11.png
11,582,lattice,3,"['j', 'semicolon']","['s', 'space']",img/target_12.png
11,583,lattice,4,"['space', 'k']","['a', 'd']",img/target_7.png
11,584,lattice,2,"['j', 'l']","['s', 'f']",img/target_11.png
11,585,lattice,4,"['space', 'k']","['a', 'd']",img/target_7.png
11,586,lattice,3,"['j', 'semicolon']","['s', 'space']",img/target_12.png
11,587,lattice,2,"['j', 'l']","['s', 'f']",img/target_11.png
11,588,lattice,4,"['space', 'k']","['a', 'd']",img/target_7.png
11,589,lattice,2,"['j', 'l']","['s', 'f']",img/target_11.png
11,590,lattice,0,"['k', 'l']","['d', 'f']",img/target_13.png
11,591,lattice,1,"['space', 'l']","['a', 'f']",img/target_8.png
11,592,lattice,0,"['k', 'l']","['d', 'f']",img/target_13.png
11,593,lattice,9,"['l', 'semicolon']","['f', 'space']",img/target_15.png
11,594,lattice,7,"['space', 'j']","['a', 's']",img/target_6.png
11,595,lattice,6,"['j', 'k']","['s', 'd']",img/target_10.png
11,596,lattice,4,"['space', 'k']","['a', 'd']",img/target_7.png
11,597,lattice,2,"['j', 'l']","['s', 'f']",img/target_11.png
11,598,lattice,4,"['space', 'k']","['a', 'd']",img/target_7.png
11,599,lattice,3,"['j', 'semicolon']","['s', 'space']",img/target_12.png
11,600,lattice,2,"['j', 'l']","['s', 'f']",img/target_11.png
11,601,lattice,3,"['j', 'semicolon']","['s', 'space']",img/target_12.png
11,602,lattice,2,"['j', 'l']","['s', 'f']",img/target_11.png
11,603,lattice,0,"['k', 'l']","['d', 'f']",img/target_13.png
11,604,lattice,8,"['space', 'semicolon']","['a', 'space']",img/target_9.png
11,605,lattice,9,"['l', 'semicolon']","['f', 'space']",img/target_15.png
11,606,lattice,8,"['space', 'semicolon']","['a', 'space']",img/target_9.png
11,607,lattice,6,"['j', 'k']","['s', 'd']",img/target_10.png
11,608,lattice,4,"['space', 'k']","['a', 'd']",img/target_7.png
11,609,lattice,2,"['j', 'l']","['s', 'f']",img/target_11.png
11,610,lattice,3,"['j', 'semicolon']","['s', 'space']",img/target_12.png
11,611,lattice,4,"['space', 'k']","['a', 'd']",img/target_7.png
11,612,lattice,3,"['j', 'semicolon']","['s', 'space']",img/target_12.png
11,613,lattice,2,"['j', 'l']","['s', 'f']",img/target_11.png
11,614,lattice,3,"['j', 'semicolon']","['s', 'space']",img/target_12.png
11,615,lattice,4,"['space', 'k']","['a', 'd']",img/target_7.png
11,616,lattice,6,"['j', 'k']","['s', 'd']",img/target_10.png
11,617,lattice,8,"['space', 'semicolon']","['a', 'space']",img/target_9.png
11,618,lattice,6,"['j', 'k']","['s', 'd']",img/target_10.png
11,619,lattice,5,"['k', 'semicolon']","['d', 'space']",img/target_14.png
11,620,lattice,7,"['space', 'j']","['a', 's']",img/target_6.png
11,621,lattice,5,"['k', 'semicolon']","['d', 'space']",img/target_14.png
11,622,lattice,6,"['j', 'k']","['s', 'd']",img/target_10.png
11,623,lattice,8,"['space', 'semicolon']","['a', 'space']",img/target_9.png
11,624,lattice,6,"['j', 'k']","['s', 'd']",img/target_10.png
11,625,lattice,7,"['space', 'j']","['a', 's']",img/target_6.png
11,626,lattice,8,"['space', 'semicolon']","['a', 'space']",img/target_9.png
11,627,lattice,6,"['j', 'k']","['s', 'd']",img/target_10.png
11,628,lattice,7,"['space', 'j']","['a', 's']",img/target_6.png
11,629,lattice,5,"['k', 'semicolon']","['d', 'space']",img/target_14.png
11,630,lattice,7,"['space', 'j']","['a', 's']",img/target_6.png
11,631,lattice,8,"['space', 'semicolon']","['a', 'space']",img/target_9.png
11,632,lattice,7,"['space', 'j']","['a', 's']",img/target_6.png
11,633,lattice,5,"['k', 'semicolon']","['d', 'space']",img/target_14.png
11,634,lattice,3,"['j', 'semicolon']","['s', 'space']",img/target_12.png
11,635,lattice,1,"['space', 'l']","['a', 'f']",img/target_8.png
11,636,lattice,2,"['j', 'l']","['s', 'f']",img/target_11.png
11,637,lattice,3,"['j', 'semicolon']","['s', 'space']",img/target_12.png
11,638,lattice,2,"['j', 'l']","['s', 'f']",img/target_11.png
11,639,lattice,4,"['space', 'k']","['a', 'd']",img/target_7.png
11,640,lattice,5,"['k', 'semicolon']","['d', 'space']",img/target_14.png
11,641,lattice,6,"['j', 'k']","['s', 'd']",img/target_10.png
11,642,lattice,4,"['space', 'k']","['a', 'd']",img/target_7.png
11,643,lattice,2,"['j', 'l']","['s', 'f']",img/target_11.png
11,644,lattice,3,"['j', 'semicolon']","['s', 'space']",img/target_12.png
11,645,lattice,4,"['space', 'k']","['a', 'd']",img/target_7.png
11,646,lattice,2,"['j', 'l']","['s', 'f']",img/target_11.png
11,647,lattice,3,"['j', 'semicolon']","['s', 'space']",img/target_12.png
11,648,lattice,2,"['j', 'l']","['s', 'f']",img/target_11.png
11,649,lattice,1,"['space', 'l']","['a', 'f']",img/target_8.png
11,650,lattice,9,"['l', 'semicolon']","['f', 'space']",img/target_15.png
11,651,lattice,8,"['space', 'semicolon']","['a', 'space']",img/target_9.png
11,652,lattice,9,"['l', 'semicolon']","['f', 'space']",img/target_15.png
11,653,lattice,8,"['space', 'semicolon']","['a', 'space']",img/target_9.png
11,654,lattice,6,"['j', 'k']","['s', 'd']",img/target_10.png
11,655,lattice,7,"['space', 'j']","['a', 's']",img/target_6.png
11,656,lattice,6,"['j', 'k']","['s', 'd']",img/target_10.png
11,657,lattice,8,"['space', 'semicolon']","['a', 'space']",img/target_9.png
11,658,lattice,0,"['k', 'l']","['d', 'f']",img/target_13.png
11,659,lattice,8,"['space', 'semicolon']","['a', 'space']",img/target_9.png
11,660,lattice,9,"['l', 'semicolon']","['f', 'space']",img/target_15.png
11,661,lattice,0,"['k', 'l']","['d', 'f']",img/target_13.png
11,662,lattice,9,"['l', 'semicolon']","['f', 'space']",img/target_15.png
11,663,lattice,0,"['k', 'l']","['d', 'f']",img/target_13.png
11,664,lattice,9,"['l', 'semicolon']","['f', 'space']",img/target_15.png
11,665,lattice,1,"['space', 'l']","['a', 'f']",img/target_8.png
11,666,lattice,9,"['l', 'semicolon']","['f', 'space']",img/target_15.png
11,667,lattice,1,"['space', 'l']","['a', 'f']",img/target_8.png
11,668,lattice,2,"['j', 'l']","['s', 'f']",img/target_11.png
11,669,lattice,1,"['space', 'l']","['a', 'f']",img/target_8.png
11,670,lattice,9,"['l', 'semicolon']","['f', 'space']",img/target_15.png
11,671,lattice,7,"['space', 'j']","['a', 's']",img/target_6.png
11,672,lattice,6,"['j', 'k']","['s', 'd']",img/target_10.png
11,673,lattice,4,"['space', 'k']","['a', 'd']",img/target_7.png
11,674,lattice,2,"['j', 'l']","['s', 'f']",img/target_11.png
11,675,lattice,0,"['k', 'l']","['d', 'f']",img/target_13.png
11,676,lattice,1,"['space', 'l']","['a', 'f']",img/target_8.png
11,677,lattice,9,"['l', 'semicolon']","['f', 'space']",img/target_15.png
11,678,lattice,7,"['space', 'j']","['a', 's']",img/target_6.png
11,679,lattice,5,"['k', 'semicolon']","['d', 'space']",img/target_14.png
11,680,lattice,3,"['j', 'semicolon']","['s', 'space']",img/target_12.png
11,681,lattice,4,"['space', 'k']","['a', 'd']",img/target_7.png
11,682,lattice,6,"['j', 'k']","['s', 'd']",img/target_10.png
11,683,lattice,8,"['space', 'semicolon']","['a', 'space']",img/target_9.png
11,684,lattice,7,"['space', 'j']","['a', 's']",img/target_6.png
11,685,lattice,9,"['l', 'semicolon']","['f', 'space']",img/target_15.png
11,686,lattice,0,"['k', 'l']","['d', 'f']",img/target_13.png
11,687,lattice,9,"['l', 'semicolon']","['f', 'space']",img/target_15.png
11,688,lattice,0,"['k', 'l']","['d', 'f']",img/target_13.png
11,689,lattice,8,"['space', 'semicolon']","['a', 'space']",img/target_9.png
11,690,lattice,6,"['j', 'k']","['s', 'd']",img/target_10.png
11,691,lattice,5,"['k', 'semicolon']","['d', 'space']",img/target_14.png
11,692,lattice,6,"['j', 'k']","['s', 'd']",img/target_10.png
11,693,lattice,8,"['space', 'semicolon']","['a', 'space']",img/target_9.png
11,694,lattice,6,"['j', 'k']","['s', 'd']",img/target_10.png
11,695,lattice,4,"['space', 'k']","['a', 'd']",img/target_7.png
11,696,lattice,6,"['j', 'k']","['s', 'd']",img/target_10.png
11,697,lattice,7,"['space', 'j']","['a', 's']",img/target_6.png
11,698,lattice,5,"['k', 'semicolon']","['d', 'space']",img/target_14.png
11,699,lattice,3,"['j', 'semicolon']","['s', 'space']",img/target_12.png
11,700,lattice,2,"['j', 'l']","['s', 'f']",img/target_11.png
11,701,lattice,0,"['k', 'l']","['d', 'f']",img/target_13.png
11,702,lattice,1,"['space', 'l']","['a', 'f']",img/target_8.png
11,703,lattice,3,"['j', 'semicolon']","['s', 'space']",img/target_12.png
11,704,lattice,2,"['j', 'l']","['s', 'f']",img/target_11.png
11,705,lattice,1,"['space', 'l']","['a', 'f']",img/target_8.png
11,706,lattice,3,"['j', 'semicolon']","['s', 'space']",img/target_12.png
11,707,lattice,4,"['space', 'k']","['a', 'd']",img/target_7.png
11,708,lattice,2,"['j', 'l']","['s', 'f']",img/target_11.png
11,709,lattice,3,"['j', 'semicolon']","['s', 'space']",img/target_12.png
11,710,lattice,2,"['j', 'l']","['s', 'f']",img/target_11.png
11,711,lattice,4,"['space', 'k']","['a', 'd']",img/target_7.png
11,712,lattice,2,"['j', 'l']","['s', 'f']",img/target_11.png
11,713,lattice,4,"['space', 'k']","['a', 'd']",img/target_7.png
11,714,lattice,2,"['j', 'l']","['s', 'f']",img/target_11.png
11,715,lattice,4,"['space', 'k']","['a', 'd']",img/target_7.png
11,716,lattice,6,"['j', 'k']","['s', 'd']",img/target_10.png
11,717,lattice,4,"['space', 'k']","['a', 'd']",img/target_7.png
11,718,lattice,3,"['j', 'semicolon']","['s', 'space']",img/target_12.png
11,719,lattice,4,"['space', 'k']","['a', 'd']",img/target_7.png
11,720,lattice,3,"['j', 'semicolon']","['s', 'space']",img/target_12.png
11,721,lattice,4,"['space', 'k']","['a', 'd']",img/target_7.png
11,722,lattice,2,"['j', 'l']","['s', 'f']",img/target_11.png
11,723,lattice,0,"['k', 'l']","['d', 'f']",img/target_13.png
11,724,lattice,1,"['space', 'l']","['a', 'f']",img/target_8.png
11,725,lattice,3,"['j', 'semicolon']","['s', 'space']",img/target_12.png
11,726,lattice,5,"['k', 'semicolon']","['d', 'space']",img/target_14.png
11,727,lattice,7,"['space', 'j']","['a', 's']",img/target_6.png
11,728,lattice,6,"['j', 'k']","['s', 'd']",img/target_10.png
11,729,lattice,7,"['space', 'j']","['a', 's']",img/target_6.png
11,730,lattice,8,"['space', 'semicolon']","['a', 'space']",img/target_9.png
11,731,lattice,6,"['j', 'k']","['s', 'd']",img/target_10.png
11,732,lattice,4,"['space', 'k']","['a', 'd']",img/target_7.png
11,733,lattice,6,"['j', 'k']","['s', 'd']",img/target_10.png
11,734,lattice,5,"['k', 'semicolon']","['d', 'space']",img/target_14.png
11,735,lattice,3,"['j', 'semicolon']","['s', 'space']",img/target_12.png
11,736,lattice,4,"['space', 'k']","['a', 'd']",img/target_7.png
11,737,lattice,6,"['j', 'k']","['s', 'd']",img/target_10.png
11,738,lattice,5,"['k', 'semicolon']","['d', 'space']",img/target_14.png
11,739,lattice,3,"['j', 'semicolon']","['s', 'space']",img/target_12.png
11,740,lattice,2,"['j', 'l']","['s', 'f']",img/target_11.png
11,741,lattice,4,"['space', 'k']","['a', 'd']",img/target_7.png
11,742,lattice,2,"['j', 'l']","['s', 'f']",img/target_11.png
11,743,lattice,0,"['k', 'l']","['d', 'f']",img/target_13.png
11,744,lattice,2,"['j', 'l']","['s', 'f']",img/target_11.png
11,745,lattice,4,"['space', 'k']","['a', 'd']",img/target_7.png
11,746,lattice,2,"['j', 'l']","['s', 'f']",img/target_11.png
11,747,lattice,4,"['space', 'k']","['a', 'd']",img/target_7.png
11,748,lattice,6,"['j', 'k']","['s', 'd']",img/target_10.png
11,749,lattice,4,"['space', 'k']","['a', 'd']",img/target_7.png
11,750,lattice,5,"['k', 'semicolon']","['d', 'space']",img/target_14.png
11,751,lattice,3,"['j', 'semicolon']","['s', 'space']",img/target_12.png
11,752,lattice,4,"['space', 'k']","['a', 'd']",img/target_7.png
11,753,lattice,6,"['j', 'k']","['s', 'd']",img/target_10.png
11,754,lattice,5,"['k', 'semicolon']","['d', 'space']",img/target_14.png
11,755,lattice,4,"['space', 'k']","['a', 'd']",img/target_7.png
11,756,lattice,3,"['j', 'semicolon']","['s', 'space']",img/target_12.png
11,757,lattice,5,"['k', 'semicolon']","['d', 'space']",img/target_14.png
11,758,lattice,3,"['j', 'semicolon']","['s', 'space']",img/target_12.png
11,759,lattice,1,"['space', 'l']","['a', 'f']",img/target_8.png
11,760,lattice,0,"['k', 'l']","['d', 'f']",img/target_13.png
11,761,lattice,9,"['l', 'semicolon']","['f', 'space']",img/target_15.png
11,762,lattice,0,"['k', 'l']","['d', 'f']",img/target_13.png
11,763,lattice,8,"['space', 'semicolon']","['a', 'space']",img/target_9.png
11,764,lattice,9,"['l', 'semicolon']","['f', 'space']",img/target_15.png
11,765,lattice,1,"['space', 'l']","['a', 'f']",img/target_8.png
11,766,lattice,9,"['l', 'semicolon']","['f', 'space']",img/target_15.png
11,767,lattice,8,"['space', 'semicolon']","['a', 'space']",img/target_9.png
11,768,lattice,0,"['k', 'l']","['d', 'f']",img/target_13.png
11,769,lattice,9,"['l', 'semicolon']","['f', 'space']",img/target_15.png
11,770,lattice,7,"['space', 'j']","['a', 's']",img/target_6.png
11,771,lattice,6,"['j', 'k']","['s', 'd']",img/target_10.png
11,772,lattice,8,"['space', 'semicolon']","['a', 'space']",img/target_9.png
11,773,lattice,6,"['j', 'k']","['s', 'd']",img/target_10.png
11,774,lattice,7,"['space', 'j']","['a', 's']",img/target_6.png
11,775,lattice,9,"['l', 'semicolon']","['f', 'space']",img/target_15.png
11,776,lattice,8,"['space', 'semicolon']","['a', 'space']",img/target_9.png
11,777,lattice,6,"['j', 'k']","['s', 'd']",img/target_10.png
11,778,lattice,5,"['k', 'semicolon']","['d', 'space']",img/target_14.png
11,779,lattice,3,"['j', 'semicolon']","['s', 'space']",img/target_12.png
11,780,lattice,1,"['space', 'l']","['a', 'f']",img/target_8.png
11,781,lattice,9,"['l', 'semicolon']","['f', 'space']",img/target_15.png
11,782,lattice,7,"['space', 'j']","['a', 's']",img/target_6.png
11,783,lattice,6,"['j', 'k']","['s', 'd']",img/target_10.png
11,784,lattice,7,"['space', 'j']","['a', 's']",img/target_6.png
11,785,lattice,6,"['j', 'k']","['s', 'd']",img/target_10.png
11,786,lattice,5,"['k', 'semicolon']","['d', 'space']",img/target_14.png
11,787,lattice,3,"['j', 'semicolon']","['s', 'space']",img/target_12.png
11,788,lattice,1,"['space', 'l']","['a', 'f']",img/target_8.png
11,789,lattice,0,"['k', 'l']","['d', 'f']",img/target_13.png
11,790,lattice,8,"['space', 'semicolon']","['a', 'space']",img/target_9.png
11,791,lattice,7,"['space', 'j']","['a', 's']",img/target_6.png
11,792,lattice,5,"['k', 'semicolon']","['d', 'space']",img/target_14.png
11,793,lattice,7,"['space', 'j']","['a', 's']",img/target_6.png
11,794,lattice,8,"['space', 'semicolon']","['a', 'space']",img/target_9.png
11,795,lattice,6,"['j', 'k']","['s', 'd']",img/target_10.png
11,796,lattice,4,"['space', 'k']","['a', 'd']",img/target_7.png
11,797,lattice,6,"['j', 'k']","['s', 'd']",img/target_10.png
11,798,lattice,5,"['k', 'semicolon']","['d', 'space']",img/target_14.png
11,799,lattice,6,"['j', 'k']","['s', 'd']",img/target_10.png
11,800,lattice,8,"['space', 'semicolon']","['a', 'space']",img/target_9.png
11,801,lattice,0,"['k', 'l']","['d', 'f']",img/target_13.png
11,802,lattice,1,"['space', 'l']","['a', 'f']",img/target_8.png
11,803,lattice,9,"['l', 'semicolon']","['f', 'space']",img/target_15.png
11,804,lattice,7,"['space', 'j']","['a', 's']",img/target_6.png
11,805,lattice,9,"['l', 'semicolon']","['f', 'space']",img/target_15.png
11,806,lattice,1,"['space', 'l']","['a', 'f']",img/target_8.png
11,807,lattice,0,"['k', 'l']","['d', 'f']",img/target_13.png
11,808,lattice,8,"['space', 'semicolon']","['a', 'space']",img/target_9.png
11,809,lattice,7,"['space', 'j']","['a', 's']",img/target_6.png
11,810,lattice,8,"['space', 'semicolon']","['a', 'space']",img/target_9.png
11,811,lattice,6,"['j', 'k']","['s', 'd']",img/target_10.png
11,812,lattice,4,"['space', 'k']","['a', 'd']",img/target_7.png
11,813,lattice,6,"['j', 'k']","['s', 'd']",img/target_10.png
11,814,lattice,5,"['k', 'semicolon']","['d', 'space']",img/target_14.png
11,815,lattice,4,"['space', 'k']","['a', 'd']",img/target_7.png
11,816,lattice,3,"['j', 'semicolon']","['s', 'space']",img/target_12.png
11,817,lattice,1,"['space', 'l']","['a', 'f']",img/target_8.png
11,818,lattice,0,"['k', 'l']","['d', 'f']",img/target_13.png
11,819,lattice,1,"['space', 'l']","['a', 'f']",img/target_8.png
11,820,lattice,2,"['j', 'l']","['s', 'f']",img/target_11.png
11,821,lattice,4,"['space', 'k']","['a', 'd']",img/target_7.png
11,822,lattice,5,"['k', 'semicolon']","['d', 'space']",img/target_14.png
11,823,lattice,7,"['space', 'j']","['a', 's']",img/target_6.png
11,824,lattice,9,"['l', 'semicolon']","['f', 'space']",img/target_15.png
11,825,lattice,0,"['k', 'l']","['d', 'f']",img/target_13.png
11,826,lattice,2,"['j', 'l']","['s', 'f']",img/target_11.png
11,827,lattice,0,"['k', 'l']","['d', 'f']",img/target_13.png
11,828,lattice,1,"['space', 'l']","['a', 'f']",img/target_8.png
11,829,lattice,0,"['k', 'l']","['d', 'f']",img/target_13.png
11,830,lattice,1,"['space', 'l']","['a', 'f']",img/target_8.png
11,831,lattice,3,"['j', 'semicolon']","['s', 'space']",img/target_12.png
11,832,lattice,4,"['space', 'k']","['a', 'd']",img/target_7.png
11,833,lattice,2,"['j', 'l']","['s', 'f']",img/target_11.png
11,834,lattice,0,"['k', 'l']","['d', 'f']",img/target_13.png
11,835,lattice,2,"['j', 'l']","['s', 'f']",img/target_11.png
11,836,lattice,1,"['space', 'l']","['a', 'f']",img/target_8.png
11,837,lattice,9,"['l', 'semicolon']","['f', 'space']",img/target_15.png
11,838,lattice,7,"['space', 'j']","['a', 's']",img/target_6.png
11,839,lattice,9,"['l', 'semicolon']","['f', 'space']",img/target_15.png
11,840,lattice,1,"['space', 'l']","['a', 'f']",img/target_8.png
11,841,lattice,2,"['j', 'l']","['s', 'f']",img/target_11.png
11,842,lattice,1,"['space', 'l']","['a', 'f']",img/target_8.png
11,843,lattice,0,"['k', 'l']","['d', 'f']",img/target_13.png
11,844,lattice,9,"['l', 'semicolon']","['f', 'space']",img/target_15.png
11,845,lattice,8,"['space', 'semicolon']","['a', 'space']",img/target_9.png
11,846,lattice,7,"['space', 'j']","['a', 's']",img/target_6.png
11,847,lattice,6,"['j', 'k']","['s', 'd']",img/target_10.png
11,848,lattice,5,"['k', 'semicolon']","['d', 'space']",img/target_14.png
11,849,lattice,6,"['j', 'k']","['s', 'd']",img/target_10.png
11,850,lattice,5,"['k', 'semicolon']","['d', 'space']",img/target_14.png
11,851,lattice,4,"['space', 'k']","['a', 'd']",img/target_7.png
11,852,lattice,2,"['j', 'l']","['s', 'f']",img/target_11.png
11,853,lattice,4,"['space', 'k']","['a', 'd']",img/target_7.png
11,854,lattice,2,"['j', 'l']","['s', 'f']",img/target_11.png
11,855,lattice,1,"['space', 'l']","['a', 'f']",img/target_8.png
11,856,lattice,0,"['k', 'l']","['d', 'f']",img/target_13.png
11,857,lattice,8,"['space', 'semicolon']","['a', 'space']",img/target_9.png
11,858,lattice,7,"['space', 'j']","['a', 's']",img/target_6.png
11,859,lattice,9,"['l', 'semicolon']","['f', 'space']",img/target_15.png
11,860,lattice,0,"['k', 'l']","['d', 'f']",img/target_13.png
11,861,lattice,2,"['j', 'l']","['s', 'f']",img/target_11.png
11,862,lattice,1,"['space', 'l']","['a', 'f']",img/target_8.png
11,863,lattice,3,"['j', 'semicolon']","['s', 'space']",img/target_12.png
11,864,lattice,2,"['j', 'l']","['s', 'f']",img/target_11.png
11,865,lattice,3,"['j', 'semicolon']","['s', 'space']",img/target_12.png
11,866,lattice,2,"['j', 'l']","['s', 'f']",img/target_11.png
11,867,lattice,0,"['k', 'l']","['d', 'f']",img/target_13.png
11,868,lattice,9,"['l', 'semicolon']","['f', 'space']",img/target_15.png
11,869,lattice,8,"['space', 'semicolon']","['a', 'space']",img/target_9.png
11,870,lattice,0,"['k', 'l']","['d', 'f']",img/target_13.png
11,871,lattice,1,"['space', 'l']","['a', 'f']",img/target_8.png
11,872,lattice,3,"['j', 'semicolon']","['s', 'space']",img/target_12.png
11,873,lattice,4,"['space', 'k']","['a', 'd']",img/target_7.png
11,874,lattice,5,"['k', 'semicolon']","['d', 'space']",img/target_14.png
11,875,lattice,3,"['j', 'semicolon']","['s', 'space']",img/target_12.png
11,876,lattice,1,"['space', 'l']","['a', 'f']",img/target_8.png
11,877,lattice,3,"['j', 'semicolon']","['s', 'space']",img/target_12.png
11,878,lattice,5,"['k', 'semicolon']","['d', 'space']",img/target_14.png
11,879,lattice,3,"['j', 'semicolon']","['s', 'space']",img/target_12.png
11,880,lattice,2,"['j', 'l']","['s', 'f']",img/target_11.png
11,881,lattice,4,"['space', 'k']","['a', 'd']",img/target_7.png
11,882,lattice,5,"['k', 'semicolon']","['d', 'space']",img/target_14.png
11,883,lattice,6,"['j', 'k']","['s', 'd']",img/target_10.png
11,884,lattice,4,"['space', 'k']","['a', 'd']",img/target_7.png
11,885,lattice,2,"['j', 'l']","['s', 'f']",img/target_11.png
11,886,lattice,4,"['space', 'k']","['a', 'd']",img/target_7.png
11,887,lattice,5,"['k', 'semicolon']","['d', 'space']",img/target_14.png
11,888,lattice,4,"['space', 'k']","['a', 'd']",img/target_7.png
11,889,lattice,5,"['k', 'semicolon']","['d', 'space']",img/target_14.png
11,890,lattice,4,"['space', 'k']","['a', 'd']",img/target_7.png
11,891,lattice,5,"['k', 'semicolon']","['d', 'space']",img/target_14.png
11,892,lattice,4,"['space', 'k']","['a', 'd']",img/target_7.png
11,893,lattice,2,"['j', 'l']","['s', 'f']",img/target_11.png
11,894,lattice,1,"['space', 'l']","['a', 'f']",img/target_8.png
11,895,lattice,3,"['j', 'semicolon']","['s', 'space']",img/target_12.png
11,896,lattice,4,"['space', 'k']","['a', 'd']",img/target_7.png
11,897,lattice,5,"['k', 'semicolon']","['d', 'space']",img/target_14.png
11,898,lattice,6,"['j', 'k']","['s', 'd']",img/target_10.png
11,899,lattice,4,"['space', 'k']","['a', 'd']",img/target_7.png
11,900,lattice,5,"['k', 'semicolon']","['d', 'space']",img/target_14.png
11,901,lattice,3,"['j', 'semicolon']","['s', 'space']",img/target_12.png
11,902,lattice,4,"['space', 'k']","['a', 'd']",img/target_7.png
11,903,lattice,3,"['j', 'semicolon']","['s', 'space']",img/target_12.png
11,904,lattice,2,"['j', 'l']","['s', 'f']",img/target_11.png
11,905,lattice,3,"['j', 'semicolon']","['s', 'space']",img/target_12.png
11,906,lattice,4,"['space', 'k']","['a', 'd']",img/target_7.png
11,907,lattice,6,"['j', 'k']","['s', 'd']",img/target_10.png
11,908,lattice,8,"['space', 'semicolon']","['a', 'space']",img/target_9.png
11,909,lattice,6,"['j', 'k']","['s', 'd']",img/target_10.png
11,910,lattice,5,"['k', 'semicolon']","['d', 'space']",img/target_14.png
11,911,lattice,3,"['j', 'semicolon']","['s', 'space']",img/target_12.png
11,912,lattice,2,"['j', 'l']","['s', 'f']",img/target_11.png
11,913,lattice,0,"['k', 'l']","['d', 'f']",img/target_13.png
11,914,lattice,2,"['j', 'l']","['s', 'f']",img/target_11.png
11,915,lattice,4,"['space', 'k']","['a', 'd']",img/target_7.png
11,916,lattice,5,"['k', 'semicolon']","['d', 'space']",img/target_14.png
11,917,lattice,7,"['space', 'j']","['a', 's']",img/target_6.png
11,918,lattice,9,"['l', 'semicolon']","['f', 'space']",img/target_15.png
11,919,lattice,0,"['k', 'l']","['d', 'f']",img/target_13.png
11,920,lattice,8,"['space', 'semicolon']","['a', 'space']",img/target_9.png
11,921,lattice,9,"['l', 'semicolon']","['f', 'space']",img/target_15.png
11,922,lattice,8,"['space', 'semicolon']","['a', 'space']",img/target_9.png
11,923,lattice,7,"['space', 'j']","['a', 's']",img/target_6.png
11,924,lattice,9,"['l', 'semicolon']","['f', 'space']",img/target_15.png
11,925,lattice,7,"['space', 'j']","['a', 's']",img/target_6.png
11,926,lattice,9,"['l', 'semicolon']","['f', 'space']",img/target_15.png
11,927,lattice,7,"['space', 'j']","['a', 's']",img/target_6.png
11,928,lattice,6,"['j', 'k']","['s', 'd']",img/target_10.png
11,929,lattice,4,"['space', 'k']","['a', 'd']",img/target_7.png
11,930,lattice,5,"['k', 'semicolon']","['d', 'space']",img/target_14.png
11,931,lattice,6,"['j', 'k']","['s', 'd']",img/target_10.png
11,932,lattice,5,"['k', 'semicolon']","['d', 'space']",img/target_14.png
11,933,lattice,6,"['j', 'k']","['s', 'd']",img/target_10.png
11,934,lattice,7,"['space', 'j']","['a', 's']",img/target_6.png
11,935,lattice,6,"['j', 'k']","['s', 'd']",img/target_10.png
11,936,lattice,4,"['space', 'k']","['a', 'd']",img/target_7.png
11,937,lattice,3,"['j', 'semicolon']","['s', 'space']",img/target_12.png
11,938,lattice,2,"['j', 'l']","['s', 'f']",img/target_11.png
11,939,lattice,4,"['space', 'k']","['a', 'd']",img/target_7.png
11,940,lattice,3,"['j', 'semicolon']","['s', 'space']",img/target_12.png
11,941,lattice,1,"['space', 'l']","['a', 'f']",img/target_8.png
11,942,lattice,0,"['k', 'l']","['d', 'f']",img/target_13.png
11,943,lattice,1,"['space', 'l']","['a', 'f']",img/target_8.png
11,944,lattice,2,"['j', 'l']","['s', 'f']",img/target_11.png
11,945,lattice,3,"['j', 'semicolon']","['s', 'space']",img/target_12.png
11,946,lattice,5,"['k', 'semicolon']","['d', 'space']",img/target_14.png
11,947,lattice,4,"['space', 'k']","['a', 'd']",img/target_7.png
11,948,lattice,3,"['j', 'semicolon']","['s', 'space']",img/target_12.png
11,949,lattice,5,"['k', 'semicolon']","['d', 'space']",img/target_14.png
11,950,lattice,3,"['j', 'semicolon']","['s', 'space']",img/target_12.png
11,951,lattice,4,"['space', 'k']","['a', 'd']",img/target_7.png
11,952,lattice,6,"['j', 'k']","['s', 'd']",img/target_10.png
11,953,lattice,7,"['space', 'j']","['a', 's']",img/target_6.png
11,954,lattice,8,"['space', 'semicolon']","['a', 'space']",img/target_9.png
11,955,lattice,0,"['k', 'l']","['d', 'f']",img/target_13.png
11,956,lattice,1,"['space', 'l']","['a', 'f']",img/target_8.png
11,957,lattice,3,"['j', 'semicolon']","['s', 'space']",img/target_12.png
11,958,lattice,1,"['space', 'l']","['a', 'f']",img/target_8.png
11,959,lattice,0,"['k', 'l']","['d', 'f']",img/target_13.png
11,960,lattice,9,"['l', 'semicolon']","['f', 'space']",img/target_15.png
11,961,lattice,7,"['space', 'j']","['a', 's']",img/target_6.png
11,962,lattice,6,"['j', 'k']","['s', 'd']",img/target_10.png
11,963,lattice,8,"['space', 'semicolon']","['a', 'space']",img/target_9.png
11,964,lattice,6,"['j', 'k']","['s', 'd']",img/target_10.png
11,965,lattice,8,"['space', 'semicolon']","['a', 'space']",img/target_9.png
11,966,lattice,9,"['l', 'semicolon']","['f', 'space']",img/target_15.png
11,967,lattice,0,"['k', 'l']","['d', 'f']",img/target_13.png
11,968,lattice,2,"['j', 'l']","['s', 'f']",img/target_11.png
11,969,lattice,3,"['j', 'semicolon']","['s', 'space']",img/target_12.png
11,970,lattice,4,"['space', 'k']","['a', 'd']",img/target_7.png
11,971,lattice,3,"['j', 'semicolon']","['s', 'space']",img/target_12.png
11,972,lattice,2,"['j', 'l']","['s', 'f']",img/target_11.png
11,973,lattice,1,"['space', 'l']","['a', 'f']",img/target_8.png
11,974,lattice,0,"['k', 'l']","['d', 'f']",img/target_13.png
11,975,lattice,2,"['j', 'l']","['s', 'f']",img/target_11.png
11,976,lattice,4,"['space', 'k']","['a', 'd']",img/target_7.png
11,977,lattice,6,"['j', 'k']","['s', 'd']",img/target_10.png
11,978,lattice,5,"['k', 'semicolon']","['d', 'space']",img/target_14.png
11,979,lattice,4,"['space', 'k']","['a', 'd']",img/target_7.png
11,980,lattice,2,"['j', 'l']","['s', 'f']",img/target_11.png
11,981,lattice,0,"['k', 'l']","['d', 'f']",img/target_13.png
11,982,lattice,8,"['space', 'semicolon']","['a', 'space']",img/target_9.png
11,983,lattice,6,"['j', 'k']","['s', 'd']",img/target_10.png
11,984,lattice,7,"['space', 'j']","['a', 's']",img/target_6.png
11,985,lattice,6,"['j', 'k']","['s', 'd']",img/target_10.png
11,986,lattice,5,"['k', 'semicolon']","['d', 'space']",img/target_14.png
11,987,lattice,3,"['j', 'semicolon']","['s', 'space']",img/target_12.png
11,988,lattice,2,"['j', 'l']","['s', 'f']",img/target_11.png
11,989,lattice,4,"['space', 'k']","['a', 'd']",img/target_7.png
11,990,lattice,5,"['k', 'semicolon']","['d', 'space']",img/target_14.png
11,991,lattice,6,"['j', 'k']","['s', 'd']",img/target_10.png
11,992,lattice,7,"['space', 'j']","['a', 's']",img/target_6.png
11,993,lattice,5,"['k', 'semicolon']","['d', 'space']",img/target_14.png
11,994,lattice,7,"['space', 'j']","['a', 's']",img/target_6.png
11,995,lattice,9,"['l', 'semicolon']","['f', 'space']",img/target_15.png
11,996,lattice,8,"['space', 'semicolon']","['a', 'space']",img/target_9.png
11,997,lattice,0,"['k', 'l']","['d', 'f']",img/target_13.png
11,998,lattice,1,"['space', 'l']","['a', 'f']",img/target_8.png
11,999,lattice,0,"['k', 'l']","['d', 'f']",img/target_13.png
11,1000,lattice,8,"['space', 'semicolon']","['a', 'space']",img/target_9.png
