pID,trialNum,graph,walk,resp,path
2,1,modular,1,u,img/target_7.png
2,2,modular,4,o,img/target_9.png
2,3,modular,2,q,img/target_1.png
2,4,modular,0,w,img/target_2.png
2,5,modular,9,p,img/target_10.png
2,6,modular,7,v,img/target_5.png
2,7,modular,8,b,img/target_6.png
2,8,modular,7,v,img/target_5.png
2,9,modular,5,e,img/target_3.png
2,10,modular,7,v,img/target_5.png
2,11,modular,6,i,img/target_8.png
2,12,modular,5,e,img/target_3.png
2,13,modular,8,b,img/target_6.png
2,14,modular,9,p,img/target_10.png
2,15,modular,6,i,img/target_8.png
2,16,modular,5,e,img/target_3.png
2,17,modular,7,v,img/target_5.png
2,18,modular,8,b,img/target_6.png
2,19,modular,5,e,img/target_3.png
2,20,modular,6,i,img/target_8.png
2,21,modular,8,b,img/target_6.png
2,22,modular,7,v,img/target_5.png
2,23,modular,5,e,img/target_3.png
2,24,modular,4,o,img/target_9.png
2,25,modular,1,u,img/target_7.png
2,26,modular,0,w,img/target_2.png
2,27,modular,1,u,img/target_7.png
2,28,modular,3,r,img/target_4.png
2,29,modular,2,q,img/target_1.png
2,30,modular,1,u,img/target_7.png
2,31,modular,4,o,img/target_9.png
2,32,modular,1,u,img/target_7.png
2,33,modular,4,o,img/target_9.png
2,34,modular,5,e,img/target_3.png
2,35,modular,8,b,img/target_6.png
2,36,modular,6,i,img/target_8.png
2,37,modular,5,e,img/target_3.png
2,38,modular,8,b,img/target_6.png
2,39,modular,5,e,img/target_3.png
2,40,modular,4,o,img/target_9.png
2,41,modular,1,u,img/target_7.png
2,42,modular,3,r,img/target_4.png
2,43,modular,0,w,img/target_2.png
2,44,modular,2,q,img/target_1.png
2,45,modular,0,w,img/target_2.png
2,46,modular,1,u,img/target_7.png
2,47,modular,4,o,img/target_9.png
2,48,modular,2,q,img/target_1.png
2,49,modular,1,u,img/target_7.png
2,50,modular,3,r,img/target_4.png
2,51,modular,1,u,img/target_7.png
2,52,modular,2,q,img/target_1.png
2,53,modular,1,u,img/target_7.png
2,54,modular,2,q,img/target_1.png
2,55,modular,1,u,img/target_7.png
2,56,modular,3,r,img/target_4.png
2,57,modular,1,u,img/target_7.png
2,58,modular,3,r,img/target_4.png
2,59,modular,2,q,img/target_1.png
2,60,modular,0,w,img/target_2.png
2,61,modular,1,u,img/target_7.png
2,62,modular,4,o,img/target_9.png
2,63,modular,5,e,img/target_3.png
2,64,modular,6,i,img/target_8.png
2,65,modular,7,v,img/target_5.png
2,66,modular,6,i,img/target_8.png
2,67,modular,7,v,img/target_5.png
2,68,modular,8,b,img/target_6.png
2,69,modular,5,e,img/target_3.png
2,70,modular,6,i,img/target_8.png
2,71,modular,5,e,img/target_3.png
2,72,modular,6,i,img/target_8.png
2,73,modular,7,v,img/target_5.png
2,74,modular,6,i,img/target_8.png
2,75,modular,9,p,img/target_10.png
2,76,modular,0,w,img/target_2.png
2,77,modular,1,u,img/target_7.png
2,78,modular,3,r,img/target_4.png
2,79,modular,0,w,img/target_2.png
2,80,modular,1,u,img/target_7.png
2,81,modular,4,o,img/target_9.png
2,82,modular,2,q,img/target_1.png
2,83,modular,4,o,img/target_9.png
2,84,modular,5,e,img/target_3.png
2,85,modular,8,b,img/target_6.png
2,86,modular,6,i,img/target_8.png
2,87,modular,9,p,img/target_10.png
2,88,modular,8,b,img/target_6.png
2,89,modular,5,e,img/target_3.png
2,90,modular,6,i,img/target_8.png
2,91,modular,7,v,img/target_5.png
2,92,modular,5,e,img/target_3.png
2,93,modular,7,v,img/target_5.png
2,94,modular,9,p,img/target_10.png
2,95,modular,0,w,img/target_2.png
2,96,modular,9,p,img/target_10.png
2,97,modular,0,w,img/target_2.png
2,98,modular,1,u,img/target_7.png
2,99,modular,4,o,img/target_9.png
2,100,modular,2,q,img/target_1.png
2,101,modular,4,o,img/target_9.png
2,102,modular,3,r,img/target_4.png
2,103,modular,0,w,img/target_2.png
2,104,modular,9,p,img/target_10.png
2,105,modular,8,b,img/target_6.png
2,106,modular,5,e,img/target_3.png
2,107,modular,8,b,img/target_6.png
2,108,modular,9,p,img/target_10.png
2,109,modular,8,b,img/target_6.png
2,110,modular,6,i,img/target_8.png
2,111,modular,8,b,img/target_6.png
2,112,modular,7,v,img/target_5.png
2,113,modular,8,b,img/target_6.png
2,114,modular,6,i,img/target_8.png
2,115,modular,5,e,img/target_3.png
2,116,modular,7,v,img/target_5.png
2,117,modular,8,b,img/target_6.png
2,118,modular,6,i,img/target_8.png
2,119,modular,7,v,img/target_5.png
2,120,modular,5,e,img/target_3.png
2,121,modular,4,o,img/target_9.png
2,122,modular,3,r,img/target_4.png
2,123,modular,4,o,img/target_9.png
2,124,modular,5,e,img/target_3.png
2,125,modular,8,b,img/target_6.png
2,126,modular,6,i,img/target_8.png
2,127,modular,5,e,img/target_3.png
2,128,modular,4,o,img/target_9.png
2,129,modular,5,e,img/target_3.png
2,130,modular,4,o,img/target_9.png
2,131,modular,2,q,img/target_1.png
2,132,modular,3,r,img/target_4.png
2,133,modular,0,w,img/target_2.png
2,134,modular,3,r,img/target_4.png
2,135,modular,4,o,img/target_9.png
2,136,modular,1,u,img/target_7.png
2,137,modular,4,o,img/target_9.png
2,138,modular,5,e,img/target_3.png
2,139,modular,6,i,img/target_8.png
2,140,modular,9,p,img/target_10.png
2,141,modular,6,i,img/target_8.png
2,142,modular,7,v,img/target_5.png
2,143,modular,8,b,img/target_6.png
2,144,modular,9,p,img/target_10.png
2,145,modular,8,b,img/target_6.png
2,146,modular,6,i,img/target_8.png
2,147,modular,8,b,img/target_6.png
2,148,modular,5,e,img/target_3.png
2,149,modular,4,o,img/target_9.png
2,150,modular,1,u,img/target_7.png
2,151,modular,3,r,img/target_4.png
2,152,modular,4,o,img/target_9.png
2,153,modular,3,r,img/target_4.png
2,154,modular,2,q,img/target_1.png
2,155,modular,4,o,img/target_9.png
2,156,modular,2,q,img/target_1.png
2,157,modular,3,r,img/target_4.png
2,158,modular,4,o,img/target_9.png
2,159,modular,2,q,img/target_1.png
2,160,modular,4,o,img/target_9.png
2,161,modular,2,q,img/target_1.png
2,162,modular,0,w,img/target_2.png
2,163,modular,1,u,img/target_7.png
2,164,modular,0,w,img/target_2.png
2,165,modular,9,p,img/target_10.png
2,166,modular,6,i,img/target_8.png
2,167,modular,9,p,img/target_10.png
2,168,modular,6,i,img/target_8.png
2,169,modular,9,p,img/target_10.png
2,170,modular,7,v,img/target_5.png
2,171,modular,9,p,img/target_10.png
2,172,modular,8,b,img/target_6.png
2,173,modular,6,i,img/target_8.png
2,174,modular,8,b,img/target_6.png
2,175,modular,9,p,img/target_10.png
2,176,modular,8,b,img/target_6.png
2,177,modular,5,e,img/target_3.png
2,178,modular,4,o,img/target_9.png
2,179,modular,1,u,img/target_7.png
2,180,modular,0,w,img/target_2.png
2,181,modular,2,q,img/target_1.png
2,182,modular,0,w,img/target_2.png
2,183,modular,9,p,img/target_10.png
2,184,modular,7,v,img/target_5.png
2,185,modular,5,e,img/target_3.png
2,186,modular,8,b,img/target_6.png
2,187,modular,9,p,img/target_10.png
2,188,modular,0,w,img/target_2.png
2,189,modular,1,u,img/target_7.png
2,190,modular,2,q,img/target_1.png
2,191,modular,0,w,img/target_2.png
2,192,modular,2,q,img/target_1.png
2,193,modular,0,w,img/target_2.png
2,194,modular,1,u,img/target_7.png
2,195,modular,3,r,img/target_4.png
2,196,modular,1,u,img/target_7.png
2,197,modular,3,r,img/target_4.png
2,198,modular,4,o,img/target_9.png
2,199,modular,1,u,img/target_7.png
2,200,modular,3,r,img/target_4.png
2,201,modular,4,o,img/target_9.png
2,202,modular,5,e,img/target_3.png
2,203,modular,7,v,img/target_5.png
2,204,modular,5,e,img/target_3.png
2,205,modular,7,v,img/target_5.png
2,206,modular,8,b,img/target_6.png
2,207,modular,9,p,img/target_10.png
2,208,modular,6,i,img/target_8.png
2,209,modular,9,p,img/target_10.png
2,210,modular,8,b,img/target_6.png
2,211,modular,7,v,img/target_5.png
2,212,modular,9,p,img/target_10.png
2,213,modular,7,v,img/target_5.png
2,214,modular,6,i,img/target_8.png
2,215,modular,7,v,img/target_5.png
2,216,modular,9,p,img/target_10.png
2,217,modular,6,i,img/target_8.png
2,218,modular,7,v,img/target_5.png
2,219,modular,6,i,img/target_8.png
2,220,modular,9,p,img/target_10.png
2,221,modular,7,v,img/target_5.png
2,222,modular,9,p,img/target_10.png
2,223,modular,6,i,img/target_8.png
2,224,modular,7,v,img/target_5.png
2,225,modular,6,i,img/target_8.png
2,226,modular,5,e,img/target_3.png
2,227,modular,6,i,img/target_8.png
2,228,modular,9,p,img/target_10.png
2,229,modular,0,w,img/target_2.png
2,230,modular,9,p,img/target_10.png
2,231,modular,0,w,img/target_2.png
2,232,modular,3,r,img/target_4.png
2,233,modular,4,o,img/target_9.png
2,234,modular,1,u,img/target_7.png
2,235,modular,3,r,img/target_4.png
2,236,modular,1,u,img/target_7.png
2,237,modular,2,q,img/target_1.png
2,238,modular,4,o,img/target_9.png
2,239,modular,1,u,img/target_7.png
2,240,modular,2,q,img/target_1.png
2,241,modular,1,u,img/target_7.png
2,242,modular,4,o,img/target_9.png
2,243,modular,3,r,img/target_4.png
2,244,modular,4,o,img/target_9.png
2,245,modular,5,e,img/target_3.png
2,246,modular,6,i,img/target_8.png
2,247,modular,5,e,img/target_3.png
2,248,modular,6,i,img/target_8.png
2,249,modular,5,e,img/target_3.png
2,250,modular,6,i,img/target_8.png
2,251,modular,8,b,img/target_6.png
2,252,modular,7,v,img/target_5.png
2,253,modular,8,b,img/target_6.png
2,254,modular,6,i,img/target_8.png
2,255,modular,7,v,img/target_5.png
2,256,modular,6,i,img/target_8.png
2,257,modular,7,v,img/target_5.png
2,258,modular,6,i,img/target_8.png
2,259,modular,9,p,img/target_10.png
2,260,modular,7,v,img/target_5.png
2,261,modular,8,b,img/target_6.png
2,262,modular,5,e,img/target_3.png
2,263,modular,4,o,img/target_9.png
2,264,modular,2,q,img/target_1.png
2,265,modular,1,u,img/target_7.png
2,266,modular,4,o,img/target_9.png
2,267,modular,5,e,img/target_3.png
2,268,modular,4,o,img/target_9.png
2,269,modular,1,u,img/target_7.png
2,270,modular,2,q,img/target_1.png
2,271,modular,1,u,img/target_7.png
2,272,modular,2,q,img/target_1.png
2,273,modular,3,r,img/target_4.png
2,274,modular,2,q,img/target_1.png
2,275,modular,4,o,img/target_9.png
2,276,modular,2,q,img/target_1.png
2,277,modular,0,w,img/target_2.png
2,278,modular,3,r,img/target_4.png
2,279,modular,1,u,img/target_7.png
2,280,modular,4,o,img/target_9.png
2,281,modular,5,e,img/target_3.png
2,282,modular,7,v,img/target_5.png
2,283,modular,9,p,img/target_10.png
2,284,modular,0,w,img/target_2.png
2,285,modular,3,r,img/target_4.png
2,286,modular,2,q,img/target_1.png
2,287,modular,3,r,img/target_4.png
2,288,modular,0,w,img/target_2.png
2,289,modular,1,u,img/target_7.png
2,290,modular,4,o,img/target_9.png
2,291,modular,1,u,img/target_7.png
2,292,modular,0,w,img/target_2.png
2,293,modular,1,u,img/target_7.png
2,294,modular,3,r,img/target_4.png
2,295,modular,2,q,img/target_1.png
2,296,modular,4,o,img/target_9.png
2,297,modular,3,r,img/target_4.png
2,298,modular,2,q,img/target_1.png
2,299,modular,3,r,img/target_4.png
2,300,modular,4,o,img/target_9.png
2,301,modular,3,r,img/target_4.png
2,302,modular,2,q,img/target_1.png
2,303,modular,0,w,img/target_2.png
2,304,modular,1,u,img/target_7.png
2,305,modular,0,w,img/target_2.png
2,306,modular,3,r,img/target_4.png
2,307,modular,1,u,img/target_7.png
2,308,modular,2,q,img/target_1.png
2,309,modular,1,u,img/target_7.png
2,310,modular,3,r,img/target_4.png
2,311,modular,1,u,img/target_7.png
2,312,modular,4,o,img/target_9.png
2,313,modular,5,e,img/target_3.png
2,314,modular,8,b,img/target_6.png
2,315,modular,5,e,img/target_3.png
2,316,modular,6,i,img/target_8.png
2,317,modular,9,p,img/target_10.png
2,318,modular,8,b,img/target_6.png
2,319,modular,5,e,img/target_3.png
2,320,modular,4,o,img/target_9.png
2,321,modular,1,u,img/target_7.png
2,322,modular,0,w,img/target_2.png
2,323,modular,9,p,img/target_10.png
2,324,modular,7,v,img/target_5.png
2,325,modular,6,i,img/target_8.png
2,326,modular,9,p,img/target_10.png
2,327,modular,7,v,img/target_5.png
2,328,modular,6,i,img/target_8.png
2,329,modular,7,v,img/target_5.png
2,330,modular,9,p,img/target_10.png
2,331,modular,6,i,img/target_8.png
2,332,modular,5,e,img/target_3.png
2,333,modular,8,b,img/target_6.png
2,334,modular,6,i,img/target_8.png
2,335,modular,9,p,img/target_10.png
2,336,modular,7,v,img/target_5.png
2,337,modular,5,e,img/target_3.png
2,338,modular,4,o,img/target_9.png
2,339,modular,2,q,img/target_1.png
2,340,modular,4,o,img/target_9.png
2,341,modular,1,u,img/target_7.png
2,342,modular,3,r,img/target_4.png
2,343,modular,1,u,img/target_7.png
2,344,modular,4,o,img/target_9.png
2,345,modular,1,u,img/target_7.png
2,346,modular,0,w,img/target_2.png
2,347,modular,3,r,img/target_4.png
2,348,modular,2,q,img/target_1.png
2,349,modular,3,r,img/target_4.png
2,350,modular,1,u,img/target_7.png
2,351,modular,2,q,img/target_1.png
2,352,modular,1,u,img/target_7.png
2,353,modular,3,r,img/target_4.png
2,354,modular,0,w,img/target_2.png
2,355,modular,3,r,img/target_4.png
2,356,modular,0,w,img/target_2.png
2,357,modular,3,r,img/target_4.png
2,358,modular,1,u,img/target_7.png
2,359,modular,3,r,img/target_4.png
2,360,modular,4,o,img/target_9.png
2,361,modular,5,e,img/target_3.png
2,362,modular,8,b,img/target_6.png
2,363,modular,5,e,img/target_3.png
2,364,modular,6,i,img/target_8.png
2,365,modular,9,p,img/target_10.png
2,366,modular,8,b,img/target_6.png
2,367,modular,7,v,img/target_5.png
2,368,modular,8,b,img/target_6.png
2,369,modular,7,v,img/target_5.png
2,370,modular,5,e,img/target_3.png
2,371,modular,8,b,img/target_6.png
2,372,modular,7,v,img/target_5.png
2,373,modular,6,i,img/target_8.png
2,374,modular,5,e,img/target_3.png
2,375,modular,6,i,img/target_8.png
2,376,modular,5,e,img/target_3.png
2,377,modular,4,o,img/target_9.png
2,378,modular,5,e,img/target_3.png
2,379,modular,4,o,img/target_9.png
2,380,modular,5,e,img/target_3.png
2,381,modular,7,v,img/target_5.png
2,382,modular,6,i,img/target_8.png
2,383,modular,7,v,img/target_5.png
2,384,modular,9,p,img/target_10.png
2,385,modular,6,i,img/target_8.png
2,386,modular,5,e,img/target_3.png
2,387,modular,6,i,img/target_8.png
2,388,modular,7,v,img/target_5.png
2,389,modular,8,b,img/target_6.png
2,390,modular,7,v,img/target_5.png
2,391,modular,9,p,img/target_10.png
2,392,modular,0,w,img/target_2.png
2,393,modular,3,r,img/target_4.png
2,394,modular,0,w,img/target_2.png
2,395,modular,3,r,img/target_4.png
2,396,modular,4,o,img/target_9.png
2,397,modular,5,e,img/target_3.png
2,398,modular,8,b,img/target_6.png
2,399,modular,7,v,img/target_5.png
2,400,modular,8,b,img/target_6.png
2,401,modular,7,v,img/target_5.png
2,402,modular,5,e,img/target_3.png
2,403,modular,4,o,img/target_9.png
2,404,modular,2,q,img/target_1.png
2,405,modular,3,r,img/target_4.png
2,406,modular,0,w,img/target_2.png
2,407,modular,1,u,img/target_7.png
2,408,modular,3,r,img/target_4.png
2,409,modular,1,u,img/target_7.png
2,410,modular,4,o,img/target_9.png
2,411,modular,3,r,img/target_4.png
2,412,modular,2,q,img/target_1.png
2,413,modular,4,o,img/target_9.png
2,414,modular,5,e,img/target_3.png
2,415,modular,7,v,img/target_5.png
2,416,modular,5,e,img/target_3.png
2,417,modular,8,b,img/target_6.png
2,418,modular,5,e,img/target_3.png
2,419,modular,7,v,img/target_5.png
2,420,modular,8,b,img/target_6.png
2,421,modular,7,v,img/target_5.png
2,422,modular,5,e,img/target_3.png
2,423,modular,8,b,img/target_6.png
2,424,modular,5,e,img/target_3.png
2,425,modular,6,i,img/target_8.png
2,426,modular,7,v,img/target_5.png
2,427,modular,6,i,img/target_8.png
2,428,modular,8,b,img/target_6.png
2,429,modular,7,v,img/target_5.png
2,430,modular,6,i,img/target_8.png
2,431,modular,7,v,img/target_5.png
2,432,modular,6,i,img/target_8.png
2,433,modular,8,b,img/target_6.png
2,434,modular,5,e,img/target_3.png
2,435,modular,8,b,img/target_6.png
2,436,modular,5,e,img/target_3.png
2,437,modular,7,v,img/target_5.png
2,438,modular,5,e,img/target_3.png
2,439,modular,4,o,img/target_9.png
2,440,modular,3,r,img/target_4.png
2,441,modular,2,q,img/target_1.png
2,442,modular,0,w,img/target_2.png
2,443,modular,2,q,img/target_1.png
2,444,modular,0,w,img/target_2.png
2,445,modular,9,p,img/target_10.png
2,446,modular,8,b,img/target_6.png
2,447,modular,9,p,img/target_10.png
2,448,modular,6,i,img/target_8.png
2,449,modular,7,v,img/target_5.png
2,450,modular,8,b,img/target_6.png
2,451,modular,6,i,img/target_8.png
2,452,modular,7,v,img/target_5.png
2,453,modular,9,p,img/target_10.png
2,454,modular,6,i,img/target_8.png
2,455,modular,8,b,img/target_6.png
2,456,modular,9,p,img/target_10.png
2,457,modular,0,w,img/target_2.png
2,458,modular,9,p,img/target_10.png
2,459,modular,6,i,img/target_8.png
2,460,modular,7,v,img/target_5.png
2,461,modular,9,p,img/target_10.png
2,462,modular,8,b,img/target_6.png
2,463,modular,5,e,img/target_3.png
2,464,modular,6,i,img/target_8.png
2,465,modular,9,p,img/target_10.png
2,466,modular,6,i,img/target_8.png
2,467,modular,9,p,img/target_10.png
2,468,modular,6,i,img/target_8.png
2,469,modular,7,v,img/target_5.png
2,470,modular,6,i,img/target_8.png
2,471,modular,5,e,img/target_3.png
2,472,modular,8,b,img/target_6.png
2,473,modular,6,i,img/target_8.png
2,474,modular,5,e,img/target_3.png
2,475,modular,7,v,img/target_5.png
2,476,modular,9,p,img/target_10.png
2,477,modular,7,v,img/target_5.png
2,478,modular,8,b,img/target_6.png
2,479,modular,7,v,img/target_5.png
2,480,modular,8,b,img/target_6.png
2,481,modular,7,v,img/target_5.png
2,482,modular,5,e,img/target_3.png
2,483,modular,4,o,img/target_9.png
2,484,modular,1,u,img/target_7.png
2,485,modular,0,w,img/target_2.png
2,486,modular,2,q,img/target_1.png
2,487,modular,0,w,img/target_2.png
2,488,modular,2,q,img/target_1.png
2,489,modular,4,o,img/target_9.png
2,490,modular,2,q,img/target_1.png
2,491,modular,1,u,img/target_7.png
2,492,modular,3,r,img/target_4.png
2,493,modular,1,u,img/target_7.png
2,494,modular,3,r,img/target_4.png
2,495,modular,1,u,img/target_7.png
2,496,modular,4,o,img/target_9.png
2,497,modular,5,e,img/target_3.png
2,498,modular,6,i,img/target_8.png
2,499,modular,9,p,img/target_10.png
2,500,modular,0,w,img/target_2.png
2,501,modular,9,p,img/target_10.png
2,502,modular,8,b,img/target_6.png
2,503,modular,6,i,img/target_8.png
2,504,modular,7,v,img/target_5.png
2,505,modular,8,b,img/target_6.png
2,506,modular,7,v,img/target_5.png
2,507,modular,8,b,img/target_6.png
2,508,modular,7,v,img/target_5.png
2,509,modular,9,p,img/target_10.png
2,510,modular,6,i,img/target_8.png
2,511,modular,9,p,img/target_10.png
2,512,modular,0,w,img/target_2.png
2,513,modular,2,q,img/target_1.png
2,514,modular,1,u,img/target_7.png
2,515,modular,3,r,img/target_4.png
2,516,modular,4,o,img/target_9.png
2,517,modular,5,e,img/target_3.png
2,518,modular,6,i,img/target_8.png
2,519,modular,7,v,img/target_5.png
2,520,modular,8,b,img/target_6.png
2,521,modular,9,p,img/target_10.png
2,522,modular,6,i,img/target_8.png
2,523,modular,8,b,img/target_6.png
2,524,modular,6,i,img/target_8.png
2,525,modular,9,p,img/target_10.png
2,526,modular,7,v,img/target_5.png
2,527,modular,6,i,img/target_8.png
2,528,modular,9,p,img/target_10.png
2,529,modular,0,w,img/target_2.png
2,530,modular,3,r,img/target_4.png
2,531,modular,4,o,img/target_9.png
2,532,modular,3,r,img/target_4.png
2,533,modular,0,w,img/target_2.png
2,534,modular,1,u,img/target_7.png
2,535,modular,4,o,img/target_9.png
2,536,modular,2,q,img/target_1.png
2,537,modular,1,u,img/target_7.png
2,538,modular,0,w,img/target_2.png
2,539,modular,9,p,img/target_10.png
2,540,modular,0,w,img/target_2.png
2,541,modular,2,q,img/target_1.png
2,542,modular,1,u,img/target_7.png
2,543,modular,0,w,img/target_2.png
2,544,modular,1,u,img/target_7.png
2,545,modular,3,r,img/target_4.png
2,546,modular,2,q,img/target_1.png
2,547,modular,3,r,img/target_4.png
2,548,modular,0,w,img/target_2.png
2,549,modular,2,q,img/target_1.png
2,550,modular,0,w,img/target_2.png
2,551,modular,2,q,img/target_1.png
2,552,modular,4,o,img/target_9.png
2,553,modular,3,r,img/target_4.png
2,554,modular,1,u,img/target_7.png
2,555,modular,3,r,img/target_4.png
2,556,modular,0,w,img/target_2.png
2,557,modular,9,p,img/target_10.png
2,558,modular,8,b,img/target_6.png
2,559,modular,6,i,img/target_8.png
2,560,modular,8,b,img/target_6.png
2,561,modular,7,v,img/target_5.png
2,562,modular,5,e,img/target_3.png
2,563,modular,6,i,img/target_8.png
2,564,modular,5,e,img/target_3.png
2,565,modular,4,o,img/target_9.png
2,566,modular,2,q,img/target_1.png
2,567,modular,0,w,img/target_2.png
2,568,modular,3,r,img/target_4.png
2,569,modular,1,u,img/target_7.png
2,570,modular,4,o,img/target_9.png
2,571,modular,1,u,img/target_7.png
2,572,modular,2,q,img/target_1.png
2,573,modular,4,o,img/target_9.png
2,574,modular,1,u,img/target_7.png
2,575,modular,4,o,img/target_9.png
2,576,modular,2,q,img/target_1.png
2,577,modular,1,u,img/target_7.png
2,578,modular,2,q,img/target_1.png
2,579,modular,1,u,img/target_7.png
2,580,modular,2,q,img/target_1.png
2,581,modular,0,w,img/target_2.png
2,582,modular,2,q,img/target_1.png
2,583,modular,1,u,img/target_7.png
2,584,modular,2,q,img/target_1.png
2,585,modular,0,w,img/target_2.png
2,586,modular,3,r,img/target_4.png
2,587,modular,2,q,img/target_1.png
2,588,modular,3,r,img/target_4.png
2,589,modular,1,u,img/target_7.png
2,590,modular,2,q,img/target_1.png
2,591,modular,3,r,img/target_4.png
2,592,modular,4,o,img/target_9.png
2,593,modular,1,u,img/target_7.png
2,594,modular,4,o,img/target_9.png
2,595,modular,1,u,img/target_7.png
2,596,modular,2,q,img/target_1.png
2,597,modular,3,r,img/target_4.png
2,598,modular,1,u,img/target_7.png
2,599,modular,4,o,img/target_9.png
2,600,modular,5,e,img/target_3.png
2,601,modular,7,v,img/target_5.png
2,602,modular,8,b,img/target_6.png
2,603,modular,9,p,img/target_10.png
2,604,modular,6,i,img/target_8.png
2,605,modular,9,p,img/target_10.png
2,606,modular,8,b,img/target_6.png
2,607,modular,6,i,img/target_8.png
2,608,modular,5,e,img/target_3.png
2,609,modular,7,v,img/target_5.png
2,610,modular,8,b,img/target_6.png
2,611,modular,7,v,img/target_5.png
2,612,modular,9,p,img/target_10.png
2,613,modular,0,w,img/target_2.png
2,614,modular,1,u,img/target_7.png
2,615,modular,4,o,img/target_9.png
2,616,modular,3,r,img/target_4.png
2,617,modular,0,w,img/target_2.png
2,618,modular,9,p,img/target_10.png
2,619,modular,7,v,img/target_5.png
2,620,modular,8,b,img/target_6.png
2,621,modular,7,v,img/target_5.png
2,622,modular,5,e,img/target_3.png
2,623,modular,6,i,img/target_8.png
2,624,modular,7,v,img/target_5.png
2,625,modular,6,i,img/target_8.png
2,626,modular,7,v,img/target_5.png
2,627,modular,9,p,img/target_10.png
2,628,modular,6,i,img/target_8.png
2,629,modular,5,e,img/target_3.png
2,630,modular,6,i,img/target_8.png
2,631,modular,9,p,img/target_10.png
2,632,modular,0,w,img/target_2.png
2,633,modular,1,u,img/target_7.png
2,634,modular,2,q,img/target_1.png
2,635,modular,4,o,img/target_9.png
2,636,modular,3,r,img/target_4.png
2,637,modular,1,u,img/target_7.png
2,638,modular,4,o,img/target_9.png
2,639,modular,5,e,img/target_3.png
2,640,modular,6,i,img/target_8.png
2,641,modular,5,e,img/target_3.png
2,642,modular,7,v,img/target_5.png
2,643,modular,8,b,img/target_6.png
2,644,modular,6,i,img/target_8.png
2,645,modular,9,p,img/target_10.png
2,646,modular,8,b,img/target_6.png
2,647,modular,6,i,img/target_8.png
2,648,modular,8,b,img/target_6.png
2,649,modular,9,p,img/target_10.png
2,650,modular,8,b,img/target_6.png
2,651,modular,7,v,img/target_5.png
2,652,modular,5,e,img/target_3.png
2,653,modular,7,v,img/target_5.png
2,654,modular,9,p,img/target_10.png
2,655,modular,8,b,img/target_6.png
2,656,modular,6,i,img/target_8.png
2,657,modular,8,b,img/target_6.png
2,658,modular,5,e,img/target_3.png
2,659,modular,4,o,img/target_9.png
2,660,modular,2,q,img/target_1.png
2,661,modular,3,r,img/target_4.png
2,662,modular,4,o,img/target_9.png
2,663,modular,1,u,img/target_7.png
2,664,modular,4,o,img/target_9.png
2,665,modular,3,r,img/target_4.png
2,666,modular,1,u,img/target_7.png
2,667,modular,0,w,img/target_2.png
2,668,modular,3,r,img/target_4.png
2,669,modular,1,u,img/target_7.png
2,670,modular,4,o,img/target_9.png
2,671,modular,2,q,img/target_1.png
2,672,modular,1,u,img/target_7.png
2,673,modular,0,w,img/target_2.png
2,674,modular,3,r,img/target_4.png
2,675,modular,0,w,img/target_2.png
2,676,modular,2,q,img/target_1.png
2,677,modular,0,w,img/target_2.png
2,678,modular,3,r,img/target_4.png
2,679,modular,0,w,img/target_2.png
2,680,modular,2,q,img/target_1.png
2,681,modular,1,u,img/target_7.png
2,682,modular,2,q,img/target_1.png
2,683,modular,4,o,img/target_9.png
2,684,modular,5,e,img/target_3.png
2,685,modular,7,v,img/target_5.png
2,686,modular,6,i,img/target_8.png
2,687,modular,9,p,img/target_10.png
2,688,modular,8,b,img/target_6.png
2,689,modular,7,v,img/target_5.png
2,690,modular,8,b,img/target_6.png
2,691,modular,5,e,img/target_3.png
2,692,modular,8,b,img/target_6.png
2,693,modular,7,v,img/target_5.png
2,694,modular,5,e,img/target_3.png
2,695,modular,7,v,img/target_5.png
2,696,modular,8,b,img/target_6.png
2,697,modular,9,p,img/target_10.png
2,698,modular,8,b,img/target_6.png
2,699,modular,5,e,img/target_3.png
2,700,modular,4,o,img/target_9.png
2,701,modular,1,u,img/target_7.png
2,702,modular,2,q,img/target_1.png
2,703,modular,4,o,img/target_9.png
2,704,modular,1,u,img/target_7.png
2,705,modular,0,w,img/target_2.png
2,706,modular,3,r,img/target_4.png
2,707,modular,4,o,img/target_9.png
2,708,modular,5,e,img/target_3.png
2,709,modular,7,v,img/target_5.png
2,710,modular,6,i,img/target_8.png
2,711,modular,5,e,img/target_3.png
2,712,modular,8,b,img/target_6.png
2,713,modular,5,e,img/target_3.png
2,714,modular,8,b,img/target_6.png
2,715,modular,6,i,img/target_8.png
2,716,modular,7,v,img/target_5.png
2,717,modular,9,p,img/target_10.png
2,718,modular,8,b,img/target_6.png
2,719,modular,5,e,img/target_3.png
2,720,modular,7,v,img/target_5.png
2,721,modular,8,b,img/target_6.png
2,722,modular,9,p,img/target_10.png
2,723,modular,6,i,img/target_8.png
2,724,modular,9,p,img/target_10.png
2,725,modular,0,w,img/target_2.png
2,726,modular,3,r,img/target_4.png
2,727,modular,4,o,img/target_9.png
2,728,modular,5,e,img/target_3.png
2,729,modular,8,b,img/target_6.png
2,730,modular,7,v,img/target_5.png
2,731,modular,5,e,img/target_3.png
2,732,modular,6,i,img/target_8.png
2,733,modular,5,e,img/target_3.png
2,734,modular,7,v,img/target_5.png
2,735,modular,9,p,img/target_10.png
2,736,modular,7,v,img/target_5.png
2,737,modular,6,i,img/target_8.png
2,738,modular,7,v,img/target_5.png
2,739,modular,5,e,img/target_3.png
2,740,modular,6,i,img/target_8.png
2,741,modular,8,b,img/target_6.png
2,742,modular,6,i,img/target_8.png
2,743,modular,8,b,img/target_6.png
2,744,modular,5,e,img/target_3.png
2,745,modular,7,v,img/target_5.png
2,746,modular,9,p,img/target_10.png
2,747,modular,7,v,img/target_5.png
2,748,modular,8,b,img/target_6.png
2,749,modular,6,i,img/target_8.png
2,750,modular,8,b,img/target_6.png
2,751,modular,7,v,img/target_5.png
2,752,modular,8,b,img/target_6.png
2,753,modular,9,p,img/target_10.png
2,754,modular,8,b,img/target_6.png
2,755,modular,5,e,img/target_3.png
2,756,modular,4,o,img/target_9.png
2,757,modular,2,q,img/target_1.png
2,758,modular,4,o,img/target_9.png
2,759,modular,3,r,img/target_4.png
2,760,modular,0,w,img/target_2.png
2,761,modular,2,q,img/target_1.png
2,762,modular,3,r,img/target_4.png
2,763,modular,0,w,img/target_2.png
2,764,modular,3,r,img/target_4.png
2,765,modular,4,o,img/target_9.png
2,766,modular,3,r,img/target_4.png
2,767,modular,0,w,img/target_2.png
2,768,modular,2,q,img/target_1.png
2,769,modular,1,u,img/target_7.png
2,770,modular,2,q,img/target_1.png
2,771,modular,1,u,img/target_7.png
2,772,modular,4,o,img/target_9.png
2,773,modular,1,u,img/target_7.png
2,774,modular,0,w,img/target_2.png
2,775,modular,1,u,img/target_7.png
2,776,modular,0,w,img/target_2.png
2,777,modular,2,q,img/target_1.png
2,778,modular,3,r,img/target_4.png
2,779,modular,0,w,img/target_2.png
2,780,modular,2,q,img/target_1.png
2,781,modular,0,w,img/target_2.png
2,782,modular,2,q,img/target_1.png
2,783,modular,4,o,img/target_9.png
2,784,modular,2,q,img/target_1.png
2,785,modular,1,u,img/target_7.png
2,786,modular,0,w,img/target_2.png
2,787,modular,3,r,img/target_4.png
2,788,modular,2,q,img/target_1.png
2,789,modular,3,r,img/target_4.png
2,790,modular,4,o,img/target_9.png
2,791,modular,5,e,img/target_3.png
2,792,modular,4,o,img/target_9.png
2,793,modular,3,r,img/target_4.png
2,794,modular,4,o,img/target_9.png
2,795,modular,5,e,img/target_3.png
2,796,modular,6,i,img/target_8.png
2,797,modular,8,b,img/target_6.png
2,798,modular,7,v,img/target_5.png
2,799,modular,8,b,img/target_6.png
2,800,modular,6,i,img/target_8.png
2,801,modular,7,v,img/target_5.png
2,802,modular,5,e,img/target_3.png
2,803,modular,6,i,img/target_8.png
2,804,modular,5,e,img/target_3.png
2,805,modular,4,o,img/target_9.png
2,806,modular,3,r,img/target_4.png
2,807,modular,2,q,img/target_1.png
2,808,modular,0,w,img/target_2.png
2,809,modular,2,q,img/target_1.png
2,810,modular,3,r,img/target_4.png
2,811,modular,2,q,img/target_1.png
2,812,modular,3,r,img/target_4.png
2,813,modular,1,u,img/target_7.png
2,814,modular,3,r,img/target_4.png
2,815,modular,0,w,img/target_2.png
2,816,modular,2,q,img/target_1.png
2,817,modular,0,w,img/target_2.png
2,818,modular,3,r,img/target_4.png
2,819,modular,0,w,img/target_2.png
2,820,modular,2,q,img/target_1.png
2,821,modular,4,o,img/target_9.png
2,822,modular,5,e,img/target_3.png
2,823,modular,8,b,img/target_6.png
2,824,modular,9,p,img/target_10.png
2,825,modular,7,v,img/target_5.png
2,826,modular,8,b,img/target_6.png
2,827,modular,7,v,img/target_5.png
2,828,modular,9,p,img/target_10.png
2,829,modular,0,w,img/target_2.png
2,830,modular,3,r,img/target_4.png
2,831,modular,1,u,img/target_7.png
2,832,modular,4,o,img/target_9.png
2,833,modular,2,q,img/target_1.png
2,834,modular,0,w,img/target_2.png
2,835,modular,9,p,img/target_10.png
2,836,modular,7,v,img/target_5.png
2,837,modular,9,p,img/target_10.png
2,838,modular,6,i,img/target_8.png
2,839,modular,8,b,img/target_6.png
2,840,modular,9,p,img/target_10.png
2,841,modular,6,i,img/target_8.png
2,842,modular,5,e,img/target_3.png
2,843,modular,6,i,img/target_8.png
2,844,modular,7,v,img/target_5.png
2,845,modular,8,b,img/target_6.png
2,846,modular,6,i,img/target_8.png
2,847,modular,8,b,img/target_6.png
2,848,modular,6,i,img/target_8.png
2,849,modular,5,e,img/target_3.png
2,850,modular,7,v,img/target_5.png
2,851,modular,9,p,img/target_10.png
2,852,modular,6,i,img/target_8.png
2,853,modular,7,v,img/target_5.png
2,854,modular,8,b,img/target_6.png
2,855,modular,5,e,img/target_3.png
2,856,modular,4,o,img/target_9.png
2,857,modular,3,r,img/target_4.png
2,858,modular,2,q,img/target_1.png
2,859,modular,4,o,img/target_9.png
2,860,modular,2,q,img/target_1.png
2,861,modular,0,w,img/target_2.png
2,862,modular,3,r,img/target_4.png
2,863,modular,0,w,img/target_2.png
2,864,modular,2,q,img/target_1.png
2,865,modular,3,r,img/target_4.png
2,866,modular,1,u,img/target_7.png
2,867,modular,3,r,img/target_4.png
2,868,modular,2,q,img/target_1.png
2,869,modular,3,r,img/target_4.png
2,870,modular,4,o,img/target_9.png
2,871,modular,3,r,img/target_4.png
2,872,modular,4,o,img/target_9.png
2,873,modular,1,u,img/target_7.png
2,874,modular,4,o,img/target_9.png
2,875,modular,5,e,img/target_3.png
2,876,modular,6,i,img/target_8.png
2,877,modular,8,b,img/target_6.png
2,878,modular,9,p,img/target_10.png
2,879,modular,6,i,img/target_8.png
2,880,modular,5,e,img/target_3.png
2,881,modular,6,i,img/target_8.png
2,882,modular,8,b,img/target_6.png
2,883,modular,5,e,img/target_3.png
2,884,modular,4,o,img/target_9.png
2,885,modular,3,r,img/target_4.png
2,886,modular,1,u,img/target_7.png
2,887,modular,0,w,img/target_2.png
2,888,modular,1,u,img/target_7.png
2,889,modular,4,o,img/target_9.png
2,890,modular,3,r,img/target_4.png
2,891,modular,0,w,img/target_2.png
2,892,modular,2,q,img/target_1.png
2,893,modular,1,u,img/target_7.png
2,894,modular,0,w,img/target_2.png
2,895,modular,2,q,img/target_1.png
2,896,modular,4,o,img/target_9.png
2,897,modular,1,u,img/target_7.png
2,898,modular,2,q,img/target_1.png
2,899,modular,3,r,img/target_4.png
2,900,modular,4,o,img/target_9.png
2,901,modular,2,q,img/target_1.png
2,902,modular,4,o,img/target_9.png
2,903,modular,2,q,img/target_1.png
2,904,modular,3,r,img/target_4.png
2,905,modular,2,q,img/target_1.png
2,906,modular,3,r,img/target_4.png
2,907,modular,1,u,img/target_7.png
2,908,modular,4,o,img/target_9.png
2,909,modular,5,e,img/target_3.png
2,910,modular,4,o,img/target_9.png
2,911,modular,1,u,img/target_7.png
2,912,modular,3,r,img/target_4.png
2,913,modular,0,w,img/target_2.png
2,914,modular,3,r,img/target_4.png
2,915,modular,0,w,img/target_2.png
2,916,modular,9,p,img/target_10.png
2,917,modular,8,b,img/target_6.png
2,918,modular,6,i,img/target_8.png
2,919,modular,9,p,img/target_10.png
2,920,modular,6,i,img/target_8.png
2,921,modular,9,p,img/target_10.png
2,922,modular,6,i,img/target_8.png
2,923,modular,5,e,img/target_3.png
2,924,modular,6,i,img/target_8.png
2,925,modular,5,e,img/target_3.png
2,926,modular,4,o,img/target_9.png
2,927,modular,3,r,img/target_4.png
2,928,modular,1,u,img/target_7.png
2,929,modular,4,o,img/target_9.png
2,930,modular,5,e,img/target_3.png
2,931,modular,8,b,img/target_6.png
2,932,modular,5,e,img/target_3.png
2,933,modular,6,i,img/target_8.png
2,934,modular,9,p,img/target_10.png
2,935,modular,8,b,img/target_6.png
2,936,modular,5,e,img/target_3.png
2,937,modular,8,b,img/target_6.png
2,938,modular,5,e,img/target_3.png
2,939,modular,7,v,img/target_5.png
2,940,modular,5,e,img/target_3.png
2,941,modular,7,v,img/target_5.png
2,942,modular,9,p,img/target_10.png
2,943,modular,7,v,img/target_5.png
2,944,modular,9,p,img/target_10.png
2,945,modular,8,b,img/target_6.png
2,946,modular,7,v,img/target_5.png
2,947,modular,5,e,img/target_3.png
2,948,modular,7,v,img/target_5.png
2,949,modular,6,i,img/target_8.png
2,950,modular,7,v,img/target_5.png
2,951,modular,9,p,img/target_10.png
2,952,modular,6,i,img/target_8.png
2,953,modular,9,p,img/target_10.png
2,954,modular,8,b,img/target_6.png
2,955,modular,9,p,img/target_10.png
2,956,modular,0,w,img/target_2.png
2,957,modular,1,u,img/target_7.png
2,958,modular,3,r,img/target_4.png
2,959,modular,0,w,img/target_2.png
2,960,modular,3,r,img/target_4.png
2,961,modular,1,u,img/target_7.png
2,962,modular,4,o,img/target_9.png
2,963,modular,5,e,img/target_3.png
2,964,modular,8,b,img/target_6.png
2,965,modular,7,v,img/target_5.png
2,966,modular,6,i,img/target_8.png
2,967,modular,7,v,img/target_5.png
2,968,modular,6,i,img/target_8.png
2,969,modular,9,p,img/target_10.png
2,970,modular,7,v,img/target_5.png
2,971,modular,6,i,img/target_8.png
2,972,modular,9,p,img/target_10.png
2,973,modular,8,b,img/target_6.png
2,974,modular,5,e,img/target_3.png
2,975,modular,8,b,img/target_6.png
2,976,modular,6,i,img/target_8.png
2,977,modular,9,p,img/target_10.png
2,978,modular,8,b,img/target_6.png
2,979,modular,7,v,img/target_5.png
2,980,modular,5,e,img/target_3.png
2,981,modular,4,o,img/target_9.png
2,982,modular,5,e,img/target_3.png
2,983,modular,7,v,img/target_5.png
2,984,modular,6,i,img/target_8.png
2,985,modular,8,b,img/target_6.png
2,986,modular,7,v,img/target_5.png
2,987,modular,8,b,img/target_6.png
2,988,modular,9,p,img/target_10.png
2,989,modular,0,w,img/target_2.png
2,990,modular,1,u,img/target_7.png
2,991,modular,4,o,img/target_9.png
2,992,modular,2,q,img/target_1.png
2,993,modular,0,w,img/target_2.png
2,994,modular,2,q,img/target_1.png
2,995,modular,3,r,img/target_4.png
2,996,modular,0,w,img/target_2.png
2,997,modular,3,r,img/target_4.png
2,998,modular,2,q,img/target_1.png
2,999,modular,4,o,img/target_9.png
2,1000,modular,1,u,img/target_7.png
